ID Loja,Loja,Bairro,ID Produto,Produto,Categoria,Subcategoria,Imagem,Custo Unit,Preço Unit,Saldo_Atual,Unidades_Vendidas_Janela,Venda_Media_Diaria,Estoque_Minimo_Rede,Status_Estoque_Rede,Qtd_Em_Falta_Rede,Indice_Cobertura_Minimo_Rede,Nivel_Criticidade_Rede,Custo_Reposicao_Estimado_Rede,Valor_Venda_Gap_Reposicao_Rede,Margem_Potencial_Gap_Rede,Faturamento_Potencial_Perdido_Rede,Lucro_Potencial_Perdido_Rede,Janela_Demanda_Dias,Receita_Media_Diaria_Local,Cobertura_Dias_Local,Deficit_Local_Para_Zero,Margem_Unitaria,Custo_Deficit_Local,Valor_Venda_Deficit_Local,Margem_Deficit_Local,Status_Local,Estoque Mínimo,Status_Estoque,Qtd_Em_Falta,Faturamento_Potencial_Perdido,Lucro_Potencial_Perdido,Escopo_Metricas_Globais
2,Norte Shopping,Cachambi - RJ,33,BOLSA FITNESS POWER 55 LITROS PRETA DOMYOS,Acessórios,Bolsas,https://decathlonpro.vteximg.com.br/arquivos/ids/2322380-500-500/fitness-bag-55l-blue-55l1.jpg?v=636904144015300000,44.9900,149.9900,-11.0000,31.0000,0.3444,20.0000,Abaixo do Mínimo,20.0000,0.0000,CRÍTICO,899.8000,2999.8000,2100.0000,2999.8000,2100.0000,90,51.6632,0.0000,11.0000,105.0000,494.8900,1649.8900,1155.0000,RUPTURA LOCAL,20.0000,Abaixo do Mínimo,20.0000,2999.8000,2100.0000,REDE_NAO_SOMAR
3,Shopping da Gávea,Gávea - RJ,33,BOLSA FITNESS POWER 55 LITROS PRETA DOMYOS,Acessórios,Bolsas,https://decathlonpro.vteximg.com.br/arquivos/ids/2322380-500-500/fitness-bag-55l-blue-55l1.jpg?v=636904144015300000,44.9900,149.9900,-24.0000,26.0000,0.2889,20.0000,Abaixo do Mínimo,20.0000,0.0000,CRÍTICO,899.8000,2999.8000,2100.0000,2999.8000,2100.0000,90,43.3304,0.0000,24.0000,105.0000,1079.7600,3599.7600,2520.0000,RUPTURA LOCAL,20.0000,Abaixo do Mínimo,20.0000,2999.8000,2100.0000,REDE_NAO_SOMAR
4,Barra Shopping,Barra da Tijuca - RJ,33,BOLSA FITNESS POWER 55 LITROS PRETA DOMYOS,Acessórios,Bolsas,https://decathlonpro.vteximg.com.br/arquivos/ids/2322380-500-500/fitness-bag-55l-blue-55l1.jpg?v=636904144015300000,44.9900,149.9900,-24.0000,16.0000,0.1778,20.0000,Abaixo do Mínimo,20.0000,0.0000,CRÍTICO,899.8000,2999.8000,2100.0000,2999.8000,2100.0000,90,26.6649,0.0000,24.0000,105.0000,1079.7600,3599.7600,2520.0000,RUPTURA LOCAL,20.0000,Abaixo do Mínimo,20.0000,2999.8000,2100.0000,REDE_NAO_SOMAR
1,Botafogo Praia Shopping,Botagogo - RJ,25,TÊNIS FITNESS MASCULINO PRETO LINHA 900,Calçados,Tênis Corrida,https://decathlonpro.vteximg.com.br/arquivos/ids/2371257-1000-1000/tenis-fitness-masculino-cardio-training-linha-900-tam-42-cor-preto-domyos1.jpg?v=636979552654570000,74.9900,249.9900,-63.0000,98.0000,1.0889,18.0000,Abaixo do Mínimo,1.0000,0.9444,ATENÇÃO,74.9900,249.9900,175.0000,249.9900,175.0000,90,272.2113,0.0000,63.0000,175.0000,4724.3700,15749.3700,11025.0000,RUPTURA LOCAL,18.0000,Abaixo do Mínimo,1.0000,249.9900,175.0000,REDE_NAO_SOMAR
2,Norte Shopping,Cachambi - RJ,5,"BERMUDA MASCULINA ""REPS"" VERMELHA - LINHA 500",Roupas,Bermudas,https://decathlonpro.vteximg.com.br/arquivos/ids/2350361-1000-1000/bermuda-crosstraining-tecido-elastico-domyos-01.png?v=636936268190900000,32.9900,109.9900,-58.0000,100.0000,1.1111,34.0000,Abaixo do Mínimo,2.0000,0.9412,ATENÇÃO,65.9800,219.9800,154.0000,219.9800,154.0000,90,122.2111,0.0000,58.0000,77.0000,1913.4200,6379.4200,4466.0000,RUPTURA LOCAL,34.0000,Abaixo do Mínimo,2.0000,219.9800,154.0000,REDE_NAO_SOMAR
3,Shopping da Gávea,Gávea - RJ,25,TÊNIS FITNESS MASCULINO PRETO LINHA 900,Calçados,Tênis Corrida,https://decathlonpro.vteximg.com.br/arquivos/ids/2371257-1000-1000/tenis-fitness-masculino-cardio-training-linha-900-tam-42-cor-preto-domyos1.jpg?v=636979552654570000,74.9900,249.9900,-19.0000,43.0000,0.4778,18.0000,Abaixo do Mínimo,1.0000,0.9444,ATENÇÃO,74.9900,249.9900,175.0000,249.9900,175.0000,90,119.4397,0.0000,19.0000,175.0000,1424.8100,4749.8100,3325.0000,RUPTURA LOCAL,18.0000,Abaixo do Mínimo,1.0000,249.9900,175.0000,REDE_NAO_SOMAR
2,Norte Shopping,Cachambi - RJ,10,CAMISETA FITNESS MASCULINA FST500 VERDE CAQUI,Roupas,Camisetas,https://decathlonpro.vteximg.com.br/arquivos/ids/2365408-1000-1000/camiseta-fitness-masculina-cardio-training-linha-fst500-tam-p-cor-verde-caqui-domyos1.jpg?v=636970038954430000,23.9900,79.9900,-4.0000,123.0000,1.3667,168.0000,Abaixo do Mínimo,1.0000,0.9940,ATENÇÃO,23.9900,79.9900,56.0000,79.9900,56.0000,90,109.3197,0.0000,4.0000,56.0000,95.9600,319.9600,224.0000,RUPTURA LOCAL,168.0000,Abaixo do Mínimo,1.0000,79.9900,56.0000,REDE_NAO_SOMAR
1,Botafogo Praia Shopping,Botagogo - RJ,22,TÊNIS FITNESS MASCULINO VERMELHO/PRETO LINHA 500,Calçados,Tênis Corrida,https://decathlonpro.vteximg.com.br/arquivos/ids/2365214-1000-1000/tenis-fitness-cardio-masculino-linha-501.jpg?v=636969931556270000,26.9900,89.9900,-52.0000,105.0000,1.1667,38.0000,Abaixo do Mínimo,2.0000,0.9474,ATENÇÃO,53.9800,179.9800,126.0000,179.9800,126.0000,90,104.9883,0.0000,52.0000,63.0000,1403.4800,4679.4800,3276.0000,RUPTURA LOCAL,38.0000,Abaixo do Mínimo,2.0000,179.9800,126.0000,REDE_NAO_SOMAR
2,Norte Shopping,Cachambi - RJ,23,TÊNIS FITNESS MASCULINO PRETO/CINZA LINHA 500,Calçados,Tênis Corrida,https://decathlonpro.vteximg.com.br/arquivos/ids/2184518-1000-1000/shoes-fitness-500-m-black--uk-7---eu-411.jpg?v=636733698622870000,26.9900,89.9900,-4.0000,104.0000,1.1556,63.0000,Abaixo do Mínimo,4.0000,0.9365,ATENÇÃO,107.9600,359.9600,252.0000,359.9600,252.0000,90,103.9884,0.0000,4.0000,63.0000,107.9600,359.9600,252.0000,RUPTURA LOCAL,63.0000,Abaixo do Mínimo,4.0000,359.9600,252.0000,REDE_NAO_SOMAR
2,Norte Shopping,Cachambi - RJ,22,TÊNIS FITNESS MASCULINO VERMELHO/PRETO LINHA 500,Calçados,Tênis Corrida,https://decathlonpro.vteximg.com.br/arquivos/ids/2365214-1000-1000/tenis-fitness-cardio-masculino-linha-501.jpg?v=636969931556270000,26.9900,89.9900,-29.0000,85.0000,0.9444,38.0000,Abaixo do Mínimo,2.0000,0.9474,ATENÇÃO,53.9800,179.9800,126.0000,179.9800,126.0000,90,84.9906,0.0000,29.0000,63.0000,782.7100,2609.7100,1827.0000,RUPTURA LOCAL,38.0000,Abaixo do Mínimo,2.0000,179.9800,126.0000,REDE_NAO_SOMAR
3,Shopping da Gávea,Gávea - RJ,8,CALÇA MASCULINA 500,Roupas,Calças,https://decathlonpro.vteximg.com.br/arquivos/ids/2304670-1000-1000/trousers500-slim-zip-gym-d-xs---w28-l331.jpg?v=636887017655970000,38.9900,129.9900,-50.0000,53.0000,0.5889,24.0000,Abaixo do Mínimo,1.0000,0.9583,ATENÇÃO,38.9900,129.9900,91.0000,129.9900,91.0000,90,76.5497,0.0000,50.0000,91.0000,1949.5000,6499.5000,4550.0000,RUPTURA LOCAL,24.0000,Abaixo do Mínimo,1.0000,129.9900,91.0000,REDE_NAO_SOMAR
5,Shopping Tijuca,Tijuca - RJ,10,CAMISETA FITNESS MASCULINA FST500 VERDE CAQUI,Roupas,Camisetas,https://decathlonpro.vteximg.com.br/arquivos/ids/2365408-1000-1000/camiseta-fitness-masculina-cardio-training-linha-fst500-tam-p-cor-verde-caqui-domyos1.jpg?v=636970038954430000,23.9900,79.9900,-1.0000,79.0000,0.8778,168.0000,Abaixo do Mínimo,1.0000,0.9940,ATENÇÃO,23.9900,79.9900,56.0000,79.9900,56.0000,90,70.2134,0.0000,1.0000,56.0000,23.9900,79.9900,56.0000,RUPTURA LOCAL,168.0000,Abaixo do Mínimo,1.0000,79.9900,56.0000,REDE_NAO_SOMAR
5,Shopping Tijuca,Tijuca - RJ,12,CAMISETA FITNESS MASCULINA FST500 AZUL/AZUL MARINHO,Roupas,Camisetas,https://decathlonpro.vteximg.com.br/arquivos/ids/2365346-1000-1000/fts500-print-m-t-shirt-deb-s1.jpg?v=636970028665470000,17.9900,59.9900,-51.0000,97.0000,1.0778,118.0000,Abaixo do Mínimo,9.0000,0.9237,ATENÇÃO,161.9100,539.9100,378.0000,539.9100,378.0000,90,64.6559,0.0000,51.0000,42.0000,917.4900,3059.4900,2142.0000,RUPTURA LOCAL,118.0000,Abaixo do Mínimo,9.0000,539.9100,378.0000,REDE_NAO_SOMAR
5,Shopping Tijuca,Tijuca - RJ,23,TÊNIS FITNESS MASCULINO PRETO/CINZA LINHA 500,Calçados,Tênis Corrida,https://decathlonpro.vteximg.com.br/arquivos/ids/2184518-1000-1000/shoes-fitness-500-m-black--uk-7---eu-411.jpg?v=636733698622870000,26.9900,89.9900,-2.0000,51.0000,0.5667,63.0000,Abaixo do Mínimo,4.0000,0.9365,ATENÇÃO,107.9600,359.9600,252.0000,359.9600,252.0000,90,50.9943,0.0000,2.0000,63.0000,53.9800,179.9800,126.0000,RUPTURA LOCAL,63.0000,Abaixo do Mínimo,4.0000,359.9600,252.0000,REDE_NAO_SOMAR
4,Barra Shopping,Barra da Tijuca - RJ,8,CALÇA MASCULINA 500,Roupas,Calças,https://decathlonpro.vteximg.com.br/arquivos/ids/2304670-1000-1000/trousers500-slim-zip-gym-d-xs---w28-l331.jpg?v=636887017655970000,38.9900,129.9900,-26.0000,35.0000,0.3889,24.0000,Abaixo do Mínimo,1.0000,0.9583,ATENÇÃO,38.9900,129.9900,91.0000,129.9900,91.0000,90,50.5517,0.0000,26.0000,91.0000,1013.7400,3379.7400,2366.0000,RUPTURA LOCAL,24.0000,Abaixo do Mínimo,1.0000,129.9900,91.0000,REDE_NAO_SOMAR
4,Barra Shopping,Barra da Tijuca - RJ,14,CAMISETA FITNESS MASCULINA FST120 ESTAMPADO CAQUI,Roupas,Camisetas,https://decathlonpro.vteximg.com.br/arquivos/ids/2364246-1000-1000/camiseta-fitness-cardio-masculina-linha1.jpg?v=636963945163900000,14.9900,49.9900,-49.0000,70.0000,0.7778,23.0000,Abaixo do Mínimo,1.0000,0.9565,ATENÇÃO,14.9900,49.9900,35.0000,49.9900,35.0000,90,38.8811,0.0000,49.0000,35.0000,734.5100,2449.5100,1715.0000,RUPTURA LOCAL,23.0000,Abaixo do Mínimo,1.0000,49.9900,35.0000,REDE_NAO_SOMAR
3,Shopping da Gávea,Gávea - RJ,14,CAMISETA FITNESS MASCULINA FST120 ESTAMPADO CAQUI,Roupas,Camisetas,https://decathlonpro.vteximg.com.br/arquivos/ids/2364246-1000-1000/camiseta-fitness-cardio-masculina-linha1.jpg?v=636963945163900000,14.9900,49.9900,-49.0000,68.0000,0.7556,23.0000,Abaixo do Mínimo,1.0000,0.9565,ATENÇÃO,14.9900,49.9900,35.0000,49.9900,35.0000,90,37.7702,0.0000,49.0000,35.0000,734.5100,2449.5100,1715.0000,RUPTURA LOCAL,23.0000,Abaixo do Mínimo,1.0000,49.9900,35.0000,REDE_NAO_SOMAR
4,Barra Shopping,Barra da Tijuca - RJ,22,TÊNIS FITNESS MASCULINO VERMELHO/PRETO LINHA 500,Calçados,Tênis Corrida,https://decathlonpro.vteximg.com.br/arquivos/ids/2365214-1000-1000/tenis-fitness-cardio-masculino-linha-501.jpg?v=636969931556270000,26.9900,89.9900,-8.0000,32.0000,0.3556,38.0000,Abaixo do Mínimo,2.0000,0.9474,ATENÇÃO,53.9800,179.9800,126.0000,179.9800,126.0000,90,31.9964,0.0000,8.0000,63.0000,215.9200,719.9200,504.0000,RUPTURA LOCAL,38.0000,Abaixo do Mínimo,2.0000,179.9800,126.0000,REDE_NAO_SOMAR
4,Barra Shopping,Barra da Tijuca - RJ,12,CAMISETA FITNESS MASCULINA FST500 AZUL/AZUL MARINHO,Roupas,Camisetas,https://decathlonpro.vteximg.com.br/arquivos/ids/2365346-1000-1000/fts500-print-m-t-shirt-deb-s1.jpg?v=636970028665470000,17.9900,59.9900,-34.0000,26.0000,0.2889,118.0000,Abaixo do Mínimo,9.0000,0.9237,ATENÇÃO,161.9100,539.9100,378.0000,539.9100,378.0000,90,17.3304,0.0000,34.0000,42.0000,611.6600,2039.6600,1428.0000,RUPTURA LOCAL,118.0000,Abaixo do Mínimo,9.0000,539.9100,378.0000,REDE_NAO_SOMAR
1,Botafogo Praia Shopping,Botagogo - RJ,11,CAMISETA FITNESS MASCULINA FST500 PRETO CINZENTO,Roupas,Camisetas,https://decathlonpro.vteximg.com.br/arquivos/ids/2365485-1000-1000/camiseta-fitness-masculina-cardio-training-linha-fst500-tam-p-cor-preto-cinzento-domyos1.jpg?v=636970042592470000,23.9900,79.9900,-38.0000,164.0000,1.8222,171.0000,Estoque Seguro,0.0000,1.1111,SAUDÁVEL,0.0000,0.0000,0.0000,0.0000,0.0000,90,145.7596,0.0000,38.0000,56.0000,911.6200,3039.6200,2128.0000,RUPTURA LOCAL,171.0000,Estoque Seguro,0.0000,0.0000,0.0000,REDE_NAO_SOMAR
1,Botafogo Praia Shopping,Botagogo - RJ,18,REGATA MACHÃO MASCULINA FTA 500 VERDE,Roupas,Regatas,https://decathlonpro.vteximg.com.br/arquivos/ids/2368026-1000-1000/fta-500-fw19-m-tank-dgr-m1.jpg?v=636971743664130000,20.9900,69.9900,-63.0000,175.0000,1.9444,43.0000,Estoque Seguro,0.0000,1.0000,SAUDÁVEL,0.0000,0.0000,0.0000,0.0000,0.0000,90,136.0917,0.0000,63.0000,49.0000,1322.3700,4409.3700,3087.0000,RUPTURA LOCAL,43.0000,Estoque Seguro,0.0000,0.0000,0.0000,REDE_NAO_SOMAR
2,Norte Shopping,Cachambi - RJ,9,CALÇA DE FITNESS ENERGY DOMYOS MASCULINA,Roupas,Calças,https://decathlonpro.vteximg.com.br/arquivos/ids/229310-500-500/energy-pant-2017-black-w41-l341.jpg?v=636550426313670000,26.9900,89.9900,-25.0000,136.0000,1.5111,26.0000,Estoque Seguro,0.0000,1.0000,SAUDÁVEL,0.0000,0.0000,0.0000,0.0000,0.0000,90,135.9849,0.0000,25.0000,63.0000,674.7500,2249.7500,1575.0000,RUPTURA LOCAL,26.0000,Estoque Seguro,0.0000,0.0000,0.0000,REDE_NAO_SOMAR
5,Shopping Tijuca,Tijuca - RJ,7,CALÇA SLIM 500,Roupas,Calças,https://decathlonpro.vteximg.com.br/arquivos/ids/2435259-1000-1000/calcas-slim-para-ginastica-e-pilates-homem-500-com-fecho-preto-trousers-500-slim-zip-gym-3xl---w44-l341.jpg?v=637086545572330000,38.9900,129.9900,-47.0000,94.0000,1.0444,263.0000,Estoque Seguro,0.0000,1.0000,SAUDÁVEL,0.0000,0.0000,0.0000,0.0000,0.0000,90,135.7673,0.0000,47.0000,91.0000,1832.5300,6109.5300,4277.0000,RUPTURA LOCAL,263.0000,Estoque Seguro,0.0000,0.0000,0.0000,REDE_NAO_SOMAR
2,Norte Shopping,Cachambi - RJ,6,BERMUDA FITNESS MASCULINA FTS500 PRETO/VERMELHO,Roupas,Bermudas,https://decathlonpro.vteximg.com.br/arquivos/ids/2368441-1000-1000/fst500-m-shorts-red-s1.jpg?v=636972376884200000,23.9900,79.9900,-31.0000,146.0000,1.6222,16.0000,Estoque Seguro,0.0000,1.1250,SAUDÁVEL,0.0000,0.0000,0.0000,0.0000,0.0000,90,129.7616,0.0000,31.0000,56.0000,743.6900,2479.6900,1736.0000,RUPTURA LOCAL,16.0000,Estoque Seguro,0.0000,0.0000,0.0000,REDE_NAO_SOMAR
2,Norte Shopping,Cachambi - RJ,21,REGATA MACHÃO MASCULINA FTA 500 PRETA,Roupas,Regatas,https://decathlonpro.vteximg.com.br/arquivos/ids/2367893-1000-1000/fta-500-fw19-m-tank-blk-xl1.jpg?v=636971742130070000,20.9900,69.9900,-39.0000,157.0000,1.7444,83.0000,Estoque Seguro,0.0000,1.1205,SAUDÁVEL,0.0000,0.0000,0.0000,0.0000,0.0000,90,122.0937,0.0000,39.0000,49.0000,818.6100,2729.6100,1911.0000,RUPTURA LOCAL,83.0000,Estoque Seguro,0.0000,0.0000,0.0000,REDE_NAO_SOMAR
1,Botafogo Praia Shopping,Botagogo - RJ,21,REGATA MACHÃO MASCULINA FTA 500 PRETA,Roupas,Regatas,https://decathlonpro.vteximg.com.br/arquivos/ids/2367893-1000-1000/fta-500-fw19-m-tank-blk-xl1.jpg?v=636971742130070000,20.9900,69.9900,0.0000,120.0000,1.3333,83.0000,Estoque Seguro,0.0000,1.1205,SAUDÁVEL,0.0000,0.0000,0.0000,0.0000,0.0000,90,93.3200,0.0000,-0.0000,49.0000,-0.0000,-0.0000,-0.0000,RUPTURA LOCAL,83.0000,Estoque Seguro,0.0000,0.0000,0.0000,REDE_NAO_SOMAR
5,Shopping Tijuca,Tijuca - RJ,20,REGATA FITNESS MASCULINA 2019 - LINHA 500,Roupas,Regatas,https://decathlonpro.vteximg.com.br/arquivos/ids/2310562-1000-1000/boxing-tank-500-m-m-tank-blk-l1.jpg?v=636891237119600000,17.9900,59.9900,-134.0000,138.0000,1.5333,140.0000,Estoque Seguro,0.0000,1.0214,SAUDÁVEL,0.0000,0.0000,0.0000,0.0000,0.0000,90,91.9847,0.0000,134.0000,42.0000,2410.6600,8038.6600,5628.0000,RUPTURA LOCAL,140.0000,Estoque Seguro,0.0000,0.0000,0.0000,REDE_NAO_SOMAR
5,Shopping Tijuca,Tijuca - RJ,13,CAMISETA FITNESS MASCULINA FST120 BORDÔ ESTAMPADO,Roupas,Camisetas,https://decathlonpro.vteximg.com.br/arquivos/ids/2367688-1000-1000/fts-120-m-t-shirt-bdx-s1.jpg?v=636971625768530000,17.9900,59.9900,-2.0000,117.0000,1.3000,72.0000,Estoque Seguro,0.0000,1.1111,SAUDÁVEL,0.0000,0.0000,0.0000,0.0000,0.0000,90,77.9870,0.0000,2.0000,42.0000,35.9800,119.9800,84.0000,RUPTURA LOCAL,72.0000,Estoque Seguro,0.0000,0.0000,0.0000,REDE_NAO_SOMAR
2,Norte Shopping,Cachambi - RJ,4,BERMUDA FITNESS MASCULINA FTS500 PRETO/CINZA,Roupas,Bermudas,https://decathlonpro.vteximg.com.br/arquivos/ids/2368219-1000-1000/fst500-m-shorts-gry-s1.jpg?v=636972372737030000,26.9900,89.9900,-28.0000,77.0000,0.8556,133.0000,Estoque Seguro,0.0000,1.0226,SAUDÁVEL,0.0000,0.0000,0.0000,0.0000,0.0000,90,76.9914,0.0000,28.0000,63.0000,755.7200,2519.7200,1764.0000,RUPTURA LOCAL,133.0000,Estoque Seguro,0.0000,0.0000,0.0000,REDE_NAO_SOMAR
3,Shopping da Gávea,Gávea - RJ,9,CALÇA DE FITNESS ENERGY DOMYOS MASCULINA,Roupas,Calças,https://decathlonpro.vteximg.com.br/arquivos/ids/229310-500-500/energy-pant-2017-black-w41-l341.jpg?v=636550426313670000,26.9900,89.9900,-99.0000,77.0000,0.8556,26.0000,Estoque Seguro,0.0000,1.0000,SAUDÁVEL,0.0000,0.0000,0.0000,0.0000,0.0000,90,76.9914,0.0000,99.0000,63.0000,2672.0100,8909.0100,6237.0000,RUPTURA LOCAL,26.0000,Estoque Seguro,0.0000,0.0000,0.0000,REDE_NAO_SOMAR
4,Barra Shopping,Barra da Tijuca - RJ,7,CALÇA SLIM 500,Roupas,Calças,https://decathlonpro.vteximg.com.br/arquivos/ids/2435259-1000-1000/calcas-slim-para-ginastica-e-pilates-homem-500-com-fecho-preto-trousers-500-slim-zip-gym-3xl---w44-l341.jpg?v=637086545572330000,38.9900,129.9900,-59.0000,53.0000,0.5889,263.0000,Estoque Seguro,0.0000,1.0000,SAUDÁVEL,0.0000,0.0000,0.0000,0.0000,0.0000,90,76.5497,0.0000,59.0000,91.0000,2300.4100,7669.4100,5369.0000,RUPTURA LOCAL,263.0000,Estoque Seguro,0.0000,0.0000,0.0000,REDE_NAO_SOMAR
2,Norte Shopping,Cachambi - RJ,18,REGATA MACHÃO MASCULINA FTA 500 VERDE,Roupas,Regatas,https://decathlonpro.vteximg.com.br/arquivos/ids/2368026-1000-1000/fta-500-fw19-m-tank-dgr-m1.jpg?v=636971743664130000,20.9900,69.9900,-15.0000,93.0000,1.0333,43.0000,Estoque Seguro,0.0000,1.0000,SAUDÁVEL,0.0000,0.0000,0.0000,0.0000,0.0000,90,72.3230,0.0000,15.0000,49.0000,314.8500,1049.8500,735.0000,RUPTURA LOCAL,43.0000,Estoque Seguro,0.0000,0.0000,0.0000,REDE_NAO_SOMAR
3,Shopping da Gávea,Gávea - RJ,11,CAMISETA FITNESS MASCULINA FST500 PRETO CINZENTO,Roupas,Camisetas,https://decathlonpro.vteximg.com.br/arquivos/ids/2365485-1000-1000/camiseta-fitness-masculina-cardio-training-linha-fst500-tam-p-cor-preto-cinzento-domyos1.jpg?v=636970042592470000,23.9900,79.9900,-28.0000,66.0000,0.7333,171.0000,Estoque Seguro,0.0000,1.1111,SAUDÁVEL,0.0000,0.0000,0.0000,0.0000,0.0000,90,58.6593,0.0000,28.0000,56.0000,671.7200,2239.7200,1568.0000,RUPTURA LOCAL,171.0000,Estoque Seguro,0.0000,0.0000,0.0000,REDE_NAO_SOMAR
2,Norte Shopping,Cachambi - RJ,13,CAMISETA FITNESS MASCULINA FST120 BORDÔ ESTAMPADO,Roupas,Camisetas,https://decathlonpro.vteximg.com.br/arquivos/ids/2367688-1000-1000/fts-120-m-t-shirt-bdx-s1.jpg?v=636971625768530000,17.9900,59.9900,-36.0000,88.0000,0.9778,72.0000,Estoque Seguro,0.0000,1.1111,SAUDÁVEL,0.0000,0.0000,0.0000,0.0000,0.0000,90,58.6569,0.0000,36.0000,42.0000,647.6400,2159.6400,1512.0000,RUPTURA LOCAL,72.0000,Estoque Seguro,0.0000,0.0000,0.0000,REDE_NAO_SOMAR
4,Barra Shopping,Barra da Tijuca - RJ,9,CALÇA DE FITNESS ENERGY DOMYOS MASCULINA,Roupas,Calças,https://decathlonpro.vteximg.com.br/arquivos/ids/229310-500-500/energy-pant-2017-black-w41-l341.jpg?v=636550426313670000,26.9900,89.9900,-5.0000,58.0000,0.6444,26.0000,Estoque Seguro,0.0000,1.0000,SAUDÁVEL,0.0000,0.0000,0.0000,0.0000,0.0000,90,57.9936,0.0000,5.0000,63.0000,134.9500,449.9500,315.0000,RUPTURA LOCAL,26.0000,Estoque Seguro,0.0000,0.0000,0.0000,REDE_NAO_SOMAR
5,Shopping Tijuca,Tijuca - RJ,6,BERMUDA FITNESS MASCULINA FTS500 PRETO/VERMELHO,Roupas,Bermudas,https://decathlonpro.vteximg.com.br/arquivos/ids/2368441-1000-1000/fst500-m-shorts-red-s1.jpg?v=636972376884200000,23.9900,79.9900,-21.0000,64.0000,0.7111,16.0000,Estoque Seguro,0.0000,1.1250,SAUDÁVEL,0.0000,0.0000,0.0000,0.0000,0.0000,90,56.8818,0.0000,21.0000,56.0000,503.7900,1679.7900,1176.0000,RUPTURA LOCAL,16.0000,Estoque Seguro,0.0000,0.0000,0.0000,REDE_NAO_SOMAR
3,Shopping da Gávea,Gávea - RJ,19,"REGATA ""MACHÃO"" FITNESS TECIDO LEVE 100 AZUL MARINHO",Roupas,Regatas,https://decathlonpro.vteximg.com.br/arquivos/ids/2301930-1000-1000/-regata-mar-creponada-mesh-120-masc-o-s1.jpg?v=636886171137030000,11.9900,39.9900,-50.0000,120.0000,1.3333,9.0000,Estoque Seguro,0.0000,1.0000,SAUDÁVEL,0.0000,0.0000,0.0000,0.0000,0.0000,90,53.3200,0.0000,50.0000,28.0000,599.5000,1999.5000,1400.0000,RUPTURA LOCAL,9.0000,Estoque Seguro,0.0000,0.0000,0.0000,REDE_NAO_SOMAR
3,Shopping da Gávea,Gávea - RJ,3,BERMUDA FITNESS MASCULINA FST 120 PRETO CLÁSSICO,Roupas,Bermudas,https://decathlonpro.vteximg.com.br/arquivos/ids/2367233-1000-1000/new-fst-120-m-shorts-black-s1.jpg?v=636970923292370000,17.9900,59.9900,-38.0000,76.0000,0.8444,52.0000,Estoque Seguro,0.0000,1.0192,SAUDÁVEL,0.0000,0.0000,0.0000,0.0000,0.0000,90,50.6582,0.0000,38.0000,42.0000,683.6200,2279.6200,1596.0000,RUPTURA LOCAL,52.0000,Estoque Seguro,0.0000,0.0000,0.0000,REDE_NAO_SOMAR
2,Norte Shopping,Cachambi - RJ,16,JAQUETA MASCULINA DE ACADEMIA FVE900,Roupas,Jaquetas,https://decathlonpro.vteximg.com.br/arquivos/ids/2272124-1000-1000/fve900-t2-m-jacket-blk-l1.jpg?v=636861791687630000,50.9900,169.9900,-28.0000,24.0000,0.2667,7.0000,Estoque Seguro,0.0000,1.0000,SAUDÁVEL,0.0000,0.0000,0.0000,0.0000,0.0000,90,45.3307,0.0000,28.0000,119.0000,1427.7200,4759.7200,3332.0000,RUPTURA LOCAL,7.0000,Estoque Seguro,0.0000,0.0000,0.0000,REDE_NAO_SOMAR
4,Barra Shopping,Barra da Tijuca - RJ,3,BERMUDA FITNESS MASCULINA FST 120 PRETO CLÁSSICO,Roupas,Bermudas,https://decathlonpro.vteximg.com.br/arquivos/ids/2367233-1000-1000/new-fst-120-m-shorts-black-s1.jpg?v=636970923292370000,17.9900,59.9900,-48.0000,57.0000,0.6333,52.0000,Estoque Seguro,0.0000,1.0192,SAUDÁVEL,0.0000,0.0000,0.0000,0.0000,0.0000,90,37.9937,0.0000,48.0000,42.0000,863.5200,2879.5200,2016.0000,RUPTURA LOCAL,52.0000,Estoque Seguro,0.0000,0.0000,0.0000,REDE_NAO_SOMAR
3,Shopping da Gávea,Gávea - RJ,16,JAQUETA MASCULINA DE ACADEMIA FVE900,Roupas,Jaquetas,https://decathlonpro.vteximg.com.br/arquivos/ids/2272124-1000-1000/fve900-t2-m-jacket-blk-l1.jpg?v=636861791687630000,50.9900,169.9900,-3.0000,19.0000,0.2111,7.0000,Estoque Seguro,0.0000,1.0000,SAUDÁVEL,0.0000,0.0000,0.0000,0.0000,0.0000,90,35.8868,0.0000,3.0000,119.0000,152.9700,509.9700,357.0000,RUPTURA LOCAL,7.0000,Estoque Seguro,0.0000,0.0000,0.0000,REDE_NAO_SOMAR
5,Shopping Tijuca,Tijuca - RJ,19,"REGATA ""MACHÃO"" FITNESS TECIDO LEVE 100 AZUL MARINHO",Roupas,Regatas,https://decathlonpro.vteximg.com.br/arquivos/ids/2301930-1000-1000/-regata-mar-creponada-mesh-120-masc-o-s1.jpg?v=636886171137030000,11.9900,39.9900,-117.0000,80.0000,0.8889,9.0000,Estoque Seguro,0.0000,1.0000,SAUDÁVEL,0.0000,0.0000,0.0000,0.0000,0.0000,90,35.5467,0.0000,117.0000,28.0000,1402.8300,4678.8300,3276.0000,RUPTURA LOCAL,9.0000,Estoque Seguro,0.0000,0.0000,0.0000,REDE_NAO_SOMAR
4,Barra Shopping,Barra da Tijuca - RJ,6,BERMUDA FITNESS MASCULINA FTS500 PRETO/VERMELHO,Roupas,Bermudas,https://decathlonpro.vteximg.com.br/arquivos/ids/2368441-1000-1000/fst500-m-shorts-red-s1.jpg?v=636972376884200000,23.9900,79.9900,-67.0000,39.0000,0.4333,16.0000,Estoque Seguro,0.0000,1.1250,SAUDÁVEL,0.0000,0.0000,0.0000,0.0000,0.0000,90,34.6623,0.0000,67.0000,56.0000,1607.3300,5359.3300,3752.0000,RUPTURA LOCAL,16.0000,Estoque Seguro,0.0000,0.0000,0.0000,REDE_NAO_SOMAR
4,Barra Shopping,Barra da Tijuca - RJ,13,CAMISETA FITNESS MASCULINA FST120 BORDÔ ESTAMPADO,Roupas,Camisetas,https://decathlonpro.vteximg.com.br/arquivos/ids/2367688-1000-1000/fts-120-m-t-shirt-bdx-s1.jpg?v=636971625768530000,17.9900,59.9900,-9.0000,45.0000,0.5000,72.0000,Estoque Seguro,0.0000,1.1111,SAUDÁVEL,0.0000,0.0000,0.0000,0.0000,0.0000,90,29.9950,0.0000,9.0000,42.0000,161.9100,539.9100,378.0000,RUPTURA LOCAL,72.0000,Estoque Seguro,0.0000,0.0000,0.0000,REDE_NAO_SOMAR
2,Norte Shopping,Cachambi - RJ,32,MALA ESPORTIVA 30L DOBRÁVEL TUBO VIOLETA,Acessórios,Bolsas,https://decathlonpro.vteximg.com.br/arquivos/ids/2290108-1000-1000/foldable-fitness-bag-30l-burgun-no-size1.jpg?v=636879951358900000,14.9900,49.9900,-22.0000,53.0000,0.5889,22.0000,Estoque Seguro,0.0000,1.1364,SAUDÁVEL,0.0000,0.0000,0.0000,0.0000,0.0000,90,29.4386,0.0000,22.0000,35.0000,329.7800,1099.7800,770.0000,RUPTURA LOCAL,22.0000,Estoque Seguro,0.0000,0.0000,0.0000,REDE_NAO_SOMAR
1,Botafogo Praia Shopping,Botagogo - RJ,31,MALA ESPORTIVA 30L DOBRÁVEL TUBO PRETA,Acessórios,Bolsas,https://decathlonpro.vteximg.com.br/arquivos/ids/299416-1000-1000/fitness-bag-pocket-black-1.jpg?v=636552791841630000,14.9900,49.9900,-34.0000,52.0000,0.5778,17.0000,Estoque Seguro,0.0000,1.0000,SAUDÁVEL,0.0000,0.0000,0.0000,0.0000,0.0000,90,28.8831,0.0000,34.0000,35.0000,509.6600,1699.6600,1190.0000,RUPTURA LOCAL,17.0000,Estoque Seguro,0.0000,0.0000,0.0000,REDE_NAO_SOMAR
5,Shopping Tijuca,Tijuca - RJ,31,MALA ESPORTIVA 30L DOBRÁVEL TUBO PRETA,Acessórios,Bolsas,https://decathlonpro.vteximg.com.br/arquivos/ids/299416-1000-1000/fitness-bag-pocket-black-1.jpg?v=636552791841630000,14.9900,49.9900,-69.0000,47.0000,0.5222,17.0000,Estoque Seguro,0.0000,1.0000,SAUDÁVEL,0.0000,0.0000,0.0000,0.0000,0.0000,90,26.1059,0.0000,69.0000,35.0000,1034.3100,3449.3100,2415.0000,RUPTURA LOCAL,17.0000,Estoque Seguro,0.0000,0.0000,0.0000,REDE_NAO_SOMAR
1,Botafogo Praia Shopping,Botagogo - RJ,2,AGASALHO MENINO GINÁSTICA,Roupas,Agasalhos,https://decathlonpro.vteximg.com.br/arquivos/ids/2432230-1000-1000/gym-y-s500-tb-b-tracksu-141-150cm10-11y1.jpg?v=637082332542900000,20.9900,69.9900,-21.0000,30.0000,0.3333,9.0000,Estoque Seguro,0.0000,1.0000,SAUDÁVEL,0.0000,0.0000,0.0000,0.0000,0.0000,90,23.3300,0.0000,21.0000,49.0000,440.7900,1469.7900,1029.0000,RUPTURA LOCAL,9.0000,Estoque Seguro,0.0000,0.0000,0.0000,REDE_NAO_SOMAR
1,Botafogo Praia Shopping,Botagogo - RJ,29,LUVAS ACADEMIA MUSCULAÇÃO NEOPRENE (O PAR),Acessórios,Luvas,https://decathlonpro.vteximg.com.br/arquivos/ids/2299799-1000-1000/-luva-muscu-pto-domyos-eu-s-us-xs1.jpg?v=636885228389930000,10.4900,34.9900,-2.0000,59.0000,0.6556,101.0000,Estoque Seguro,0.0000,1.0693,SAUDÁVEL,0.0000,0.0000,0.0000,0.0000,0.0000,90,22.9379,0.0000,2.0000,24.5000,20.9800,69.9800,49.0000,RUPTURA LOCAL,101.0000,Estoque Seguro,0.0000,0.0000,0.0000,REDE_NAO_SOMAR
3,Shopping da Gávea,Gávea - RJ,15,JAQUETA FITNESS MASCULINA FVE100 AZUL MARINHO,Roupas,Jaquetas,https://decathlonpro.vteximg.com.br/arquivos/ids/2367427-1000-1000/jaqueta-fitness-cardio-masculino-linha1.jpg?v=636971530655430000,35.9900,119.9900,0.0000,15.0000,0.1667,33.0000,Estoque Seguro,0.0000,1.0606,SAUDÁVEL,0.0000,0.0000,0.0000,0.0000,0.0000,90,19.9983,0.0000,-0.0000,84.0000,-0.0000,-0.0000,-0.0000,RUPTURA LOCAL,33.0000,Estoque Seguro,0.0000,0.0000,0.0000,REDE_NAO_SOMAR
3,Shopping da Gávea,Gávea - RJ,32,MALA ESPORTIVA 30L DOBRÁVEL TUBO VIOLETA,Acessórios,Bolsas,https://decathlonpro.vteximg.com.br/arquivos/ids/2290108-1000-1000/foldable-fitness-bag-30l-burgun-no-size1.jpg?v=636879951358900000,14.9900,49.9900,-19.0000,29.0000,0.3222,22.0000,Estoque Seguro,0.0000,1.1364,SAUDÁVEL,0.0000,0.0000,0.0000,0.0000,0.0000,90,16.1079,0.0000,19.0000,35.0000,284.8100,949.8100,665.0000,RUPTURA LOCAL,22.0000,Estoque Seguro,0.0000,0.0000,0.0000,REDE_NAO_SOMAR
4,Barra Shopping,Barra da Tijuca - RJ,32,MALA ESPORTIVA 30L DOBRÁVEL TUBO VIOLETA,Acessórios,Bolsas,https://decathlonpro.vteximg.com.br/arquivos/ids/2290108-1000-1000/foldable-fitness-bag-30l-burgun-no-size1.jpg?v=636879951358900000,14.9900,49.9900,-23.0000,28.0000,0.3111,22.0000,Estoque Seguro,0.0000,1.1364,SAUDÁVEL,0.0000,0.0000,0.0000,0.0000,0.0000,90,15.5524,0.0000,23.0000,35.0000,344.7700,1149.7700,805.0000,RUPTURA LOCAL,22.0000,Estoque Seguro,0.0000,0.0000,0.0000,REDE_NAO_SOMAR
3,Shopping da Gávea,Gávea - RJ,2,AGASALHO MENINO GINÁSTICA,Roupas,Agasalhos,https://decathlonpro.vteximg.com.br/arquivos/ids/2432230-1000-1000/gym-y-s500-tb-b-tracksu-141-150cm10-11y1.jpg?v=637082332542900000,20.9900,69.9900,-18.0000,18.0000,0.2000,9.0000,Estoque Seguro,0.0000,1.0000,SAUDÁVEL,0.0000,0.0000,0.0000,0.0000,0.0000,90,13.9980,0.0000,18.0000,49.0000,377.8200,1259.8200,882.0000,RUPTURA LOCAL,9.0000,Estoque Seguro,0.0000,0.0000,0.0000,REDE_NAO_SOMAR
2,Norte Shopping,Cachambi - RJ,27,MEIA DE CORRIDA COMFORT HIGH,Calçados,Meias,https://decathlonpro.vteximg.com.br/arquivos/ids/2422736-1000-1000/-elio-high-bca-35381.jpg?v=637066830049770000,2.9900,9.9900,-48.0000,125.0000,1.3889,124.0000,Estoque Seguro,0.0000,1.0484,SAUDÁVEL,0.0000,0.0000,0.0000,0.0000,0.0000,90,13.8750,0.0000,48.0000,7.0000,143.5200,479.5200,336.0000,RUPTURA LOCAL,124.0000,Estoque Seguro,0.0000,0.0000,0.0000,REDE_NAO_SOMAR
4,Barra Shopping,Barra da Tijuca - RJ,16,JAQUETA MASCULINA DE ACADEMIA FVE900,Roupas,Jaquetas,https://decathlonpro.vteximg.com.br/arquivos/ids/2272124-1000-1000/fve900-t2-m-jacket-blk-l1.jpg?v=636861791687630000,50.9900,169.9900,-4.0000,6.0000,0.0667,7.0000,Estoque Seguro,0.0000,1.0000,SAUDÁVEL,0.0000,0.0000,0.0000,0.0000,0.0000,90,11.3327,0.0000,4.0000,119.0000,203.9600,679.9600,476.0000,RUPTURA LOCAL,7.0000,Estoque Seguro,0.0000,0.0000,0.0000,REDE_NAO_SOMAR
3,Shopping da Gávea,Gávea - RJ,26,MEIA DE CORRIDA COMFORT INVISIBLE KALENJI,Calçados,Meias,https://decathlonpro.vteximg.com.br/arquivos/ids/2119148-1000-1000/-comfort-invisible-bca-85-11-us9-1151.jpg?v=636689105257470000,2.9900,9.9900,-30.0000,92.0000,1.0222,395.0000,Estoque Seguro,0.0000,1.1013,SAUDÁVEL,0.0000,0.0000,0.0000,0.0000,0.0000,90,10.2120,0.0000,30.0000,7.0000,89.7000,299.7000,210.0000,RUPTURA LOCAL,395.0000,Estoque Seguro,0.0000,0.0000,0.0000,REDE_NAO_SOMAR
3,Shopping da Gávea,Gávea - RJ,27,MEIA DE CORRIDA COMFORT HIGH,Calçados,Meias,https://decathlonpro.vteximg.com.br/arquivos/ids/2422736-1000-1000/-elio-high-bca-35381.jpg?v=637066830049770000,2.9900,9.9900,-13.0000,75.0000,0.8333,124.0000,Estoque Seguro,0.0000,1.0484,SAUDÁVEL,0.0000,0.0000,0.0000,0.0000,0.0000,90,8.3250,0.0000,13.0000,7.0000,38.8700,129.8700,91.0000,RUPTURA LOCAL,124.0000,Estoque Seguro,0.0000,0.0000,0.0000,REDE_NAO_SOMAR
4,Barra Shopping,Barra da Tijuca - RJ,1,BLUSA MASCULINA GINÁSTICA,Roupas,Agasalhos,https://decathlonpro.vteximg.com.br/arquivos/ids/2334770-1000-1000/sweat-500-gym-navy-blue-2xl1.jpg?v=636916233785870000,11.9900,39.9900,0.0000,16.0000,0.1778,78.0000,Estoque Seguro,0.0000,1.0897,SAUDÁVEL,0.0000,0.0000,0.0000,0.0000,0.0000,90,7.1093,0.0000,-0.0000,28.0000,-0.0000,-0.0000,-0.0000,RUPTURA LOCAL,78.0000,Estoque Seguro,0.0000,0.0000,0.0000,REDE_NAO_SOMAR
4,Barra Shopping,Barra da Tijuca - RJ,27,MEIA DE CORRIDA COMFORT HIGH,Calçados,Meias,https://decathlonpro.vteximg.com.br/arquivos/ids/2422736-1000-1000/-elio-high-bca-35381.jpg?v=637066830049770000,2.9900,9.9900,-3.0000,38.0000,0.4222,124.0000,Estoque Seguro,0.0000,1.0484,SAUDÁVEL,0.0000,0.0000,0.0000,0.0000,0.0000,90,4.2180,0.0000,3.0000,7.0000,8.9700,29.9700,21.0000,RUPTURA LOCAL,124.0000,Estoque Seguro,0.0000,0.0000,0.0000,REDE_NAO_SOMAR
5,Shopping Tijuca,Tijuca - RJ,33,BOLSA FITNESS POWER 55 LITROS PRETA DOMYOS,Acessórios,Bolsas,https://decathlonpro.vteximg.com.br/arquivos/ids/2322380-500-500/fitness-bag-55l-blue-55l1.jpg?v=636904144015300000,44.9900,149.9900,10.0000,36.0000,0.4000,20.0000,Abaixo do Mínimo,20.0000,0.0000,CRÍTICO,899.8000,2999.8000,2100.0000,2999.8000,2100.0000,90,59.9960,25.0000,0.0000,105.0000,0.0000,0.0000,0.0000,ESTOQUE POSITIVO,20.0000,Abaixo do Mínimo,20.0000,2999.8000,2100.0000,REDE_NAO_SOMAR
1,Botafogo Praia Shopping,Botagogo - RJ,33,BOLSA FITNESS POWER 55 LITROS PRETA DOMYOS,Acessórios,Bolsas,https://decathlonpro.vteximg.com.br/arquivos/ids/2322380-500-500/fitness-bag-55l-blue-55l1.jpg?v=636904144015300000,44.9900,149.9900,49.0000,33.0000,0.3667,20.0000,Abaixo do Mínimo,20.0000,0.0000,CRÍTICO,899.8000,2999.8000,2100.0000,2999.8000,2100.0000,90,54.9963,133.6364,0.0000,105.0000,0.0000,0.0000,0.0000,ESTOQUE POSITIVO,20.0000,Abaixo do Mínimo,20.0000,2999.8000,2100.0000,REDE_NAO_SOMAR
3,Shopping da Gávea,Gávea - RJ,5,"BERMUDA MASCULINA ""REPS"" VERMELHA - LINHA 500",Roupas,Bermudas,https://decathlonpro.vteximg.com.br/arquivos/ids/2350361-1000-1000/bermuda-crosstraining-tecido-elastico-domyos-01.png?v=636936268190900000,32.9900,109.9900,1.0000,58.0000,0.6444,34.0000,Abaixo do Mínimo,2.0000,0.9412,ATENÇÃO,65.9800,219.9800,154.0000,219.9800,154.0000,90,70.8824,1.5517,0.0000,77.0000,0.0000,0.0000,0.0000,ESTOQUE POSITIVO,34.0000,Abaixo do Mínimo,2.0000,219.9800,154.0000,REDE_NAO_SOMAR
1,Botafogo Praia Shopping,Botagogo - RJ,23,TÊNIS FITNESS MASCULINO PRETO/CINZA LINHA 500,Calçados,Tênis Corrida,https://decathlonpro.vteximg.com.br/arquivos/ids/2184518-1000-1000/shoes-fitness-500-m-black--uk-7---eu-411.jpg?v=636733698622870000,26.9900,89.9900,2.0000,110.0000,1.2222,63.0000,Abaixo do Mínimo,4.0000,0.9365,ATENÇÃO,107.9600,359.9600,252.0000,359.9600,252.0000,90,109.9878,1.6364,0.0000,63.0000,0.0000,0.0000,0.0000,ESTOQUE POSITIVO,63.0000,Abaixo do Mínimo,4.0000,359.9600,252.0000,REDE_NAO_SOMAR
1,Botafogo Praia Shopping,Botagogo - RJ,5,"BERMUDA MASCULINA ""REPS"" VERMELHA - LINHA 500",Roupas,Bermudas,https://decathlonpro.vteximg.com.br/arquivos/ids/2350361-1000-1000/bermuda-crosstraining-tecido-elastico-domyos-01.png?v=636936268190900000,32.9900,109.9900,4.0000,78.0000,0.8667,34.0000,Abaixo do Mínimo,2.0000,0.9412,ATENÇÃO,65.9800,219.9800,154.0000,219.9800,154.0000,90,95.3247,4.6154,0.0000,77.0000,0.0000,0.0000,0.0000,ESTOQUE POSITIVO,34.0000,Abaixo do Mínimo,2.0000,219.9800,154.0000,REDE_NAO_SOMAR
2,Norte Shopping,Cachambi - RJ,14,CAMISETA FITNESS MASCULINA FST120 ESTAMPADO CAQUI,Roupas,Camisetas,https://decathlonpro.vteximg.com.br/arquivos/ids/2364246-1000-1000/camiseta-fitness-cardio-masculina-linha1.jpg?v=636963945163900000,14.9900,49.9900,7.0000,113.0000,1.2556,23.0000,Abaixo do Mínimo,1.0000,0.9565,ATENÇÃO,14.9900,49.9900,35.0000,49.9900,35.0000,90,62.7652,5.5752,0.0000,35.0000,0.0000,0.0000,0.0000,ESTOQUE POSITIVO,23.0000,Abaixo do Mínimo,1.0000,49.9900,35.0000,REDE_NAO_SOMAR
5,Shopping Tijuca,Tijuca - RJ,22,TÊNIS FITNESS MASCULINO VERMELHO/PRETO LINHA 500,Calçados,Tênis Corrida,https://decathlonpro.vteximg.com.br/arquivos/ids/2365214-1000-1000/tenis-fitness-cardio-masculino-linha-501.jpg?v=636969931556270000,26.9900,89.9900,6.0000,62.0000,0.6889,38.0000,Abaixo do Mínimo,2.0000,0.9474,ATENÇÃO,53.9800,179.9800,126.0000,179.9800,126.0000,90,61.9931,8.7097,0.0000,63.0000,0.0000,0.0000,0.0000,ESTOQUE POSITIVO,38.0000,Abaixo do Mínimo,2.0000,179.9800,126.0000,REDE_NAO_SOMAR
2,Norte Shopping,Cachambi - RJ,25,TÊNIS FITNESS MASCULINO PRETO LINHA 900,Calçados,Tênis Corrida,https://decathlonpro.vteximg.com.br/arquivos/ids/2371257-1000-1000/tenis-fitness-masculino-cardio-training-linha-900-tam-42-cor-preto-domyos1.jpg?v=636979552654570000,74.9900,249.9900,10.0000,97.0000,1.0778,18.0000,Abaixo do Mínimo,1.0000,0.9444,ATENÇÃO,74.9900,249.9900,175.0000,249.9900,175.0000,90,269.4337,9.2784,0.0000,175.0000,0.0000,0.0000,0.0000,ESTOQUE POSITIVO,18.0000,Abaixo do Mínimo,1.0000,249.9900,175.0000,REDE_NAO_SOMAR
2,Norte Shopping,Cachambi - RJ,8,CALÇA MASCULINA 500,Roupas,Calças,https://decathlonpro.vteximg.com.br/arquivos/ids/2304670-1000-1000/trousers500-slim-zip-gym-d-xs---w28-l331.jpg?v=636887017655970000,38.9900,129.9900,16.0000,106.0000,1.1778,24.0000,Abaixo do Mínimo,1.0000,0.9583,ATENÇÃO,38.9900,129.9900,91.0000,129.9900,91.0000,90,153.0993,13.5849,0.0000,91.0000,0.0000,0.0000,0.0000,ESTOQUE POSITIVO,24.0000,Abaixo do Mínimo,1.0000,129.9900,91.0000,REDE_NAO_SOMAR
5,Shopping Tijuca,Tijuca - RJ,30,LUVAS ACADEMIA / MEIA PALMA MUSCULAÇÃO NEOPRENE (O PAR),Acessórios,Luvas,https://decathlonpro.vteximg.com.br/arquivos/ids/2299613-1000-1000/-meia-luva-muscu-pto-domyos-eu-m-us-s1.jpg?v=636885188513800000,7.7900,25.9900,6.0000,37.0000,0.4111,149.0000,Abaixo do Mínimo,13.0000,0.9128,ATENÇÃO,101.2700,337.8700,236.6000,337.8700,236.6000,90,10.6848,14.5946,0.0000,18.2000,0.0000,0.0000,0.0000,ESTOQUE POSITIVO,149.0000,Abaixo do Mínimo,13.0000,337.8700,236.6000,REDE_NAO_SOMAR
1,Botafogo Praia Shopping,Botagogo - RJ,8,CALÇA MASCULINA 500,Roupas,Calças,https://decathlonpro.vteximg.com.br/arquivos/ids/2304670-1000-1000/trousers500-slim-zip-gym-d-xs---w28-l331.jpg?v=636887017655970000,38.9900,129.9900,30.0000,170.0000,1.8889,24.0000,Abaixo do Mínimo,1.0000,0.9583,ATENÇÃO,38.9900,129.9900,91.0000,129.9900,91.0000,90,245.5367,15.8824,0.0000,91.0000,0.0000,0.0000,0.0000,ESTOQUE POSITIVO,24.0000,Abaixo do Mínimo,1.0000,129.9900,91.0000,REDE_NAO_SOMAR
4,Barra Shopping,Barra da Tijuca - RJ,17,CASACO MASCULINO GINÁSTICA SPACER,Roupas,Jaquetas,https://decathlonpro.vteximg.com.br/arquivos/ids/2439867-1000-1000/jacket-hood-560-gym-men-marine-s1.jpg?v=637114928712130000,56.9900,189.9900,3.0000,15.0000,0.1667,128.0000,Abaixo do Mínimo,3.0000,0.9766,ATENÇÃO,170.9700,569.9700,399.0000,569.9700,399.0000,90,31.6650,18.0000,0.0000,133.0000,0.0000,0.0000,0.0000,ESTOQUE POSITIVO,128.0000,Abaixo do Mínimo,3.0000,569.9700,399.0000,REDE_NAO_SOMAR
1,Botafogo Praia Shopping,Botagogo - RJ,10,CAMISETA FITNESS MASCULINA FST500 VERDE CAQUI,Roupas,Camisetas,https://decathlonpro.vteximg.com.br/arquivos/ids/2365408-1000-1000/camiseta-fitness-masculina-cardio-training-linha-fst500-tam-p-cor-verde-caqui-domyos1.jpg?v=636970038954430000,23.9900,79.9900,29.0000,142.0000,1.5778,168.0000,Abaixo do Mínimo,1.0000,0.9940,ATENÇÃO,23.9900,79.9900,56.0000,79.9900,56.0000,90,126.2064,18.3803,0.0000,56.0000,0.0000,0.0000,0.0000,ESTOQUE POSITIVO,168.0000,Abaixo do Mínimo,1.0000,79.9900,56.0000,REDE_NAO_SOMAR
1,Botafogo Praia Shopping,Botagogo - RJ,17,CASACO MASCULINO GINÁSTICA SPACER,Roupas,Jaquetas,https://decathlonpro.vteximg.com.br/arquivos/ids/2439867-1000-1000/jacket-hood-560-gym-men-marine-s1.jpg?v=637114928712130000,56.9900,189.9900,8.0000,34.0000,0.3778,128.0000,Abaixo do Mínimo,3.0000,0.9766,ATENÇÃO,170.9700,569.9700,399.0000,569.9700,399.0000,90,71.7740,21.1765,0.0000,133.0000,0.0000,0.0000,0.0000,ESTOQUE POSITIVO,128.0000,Abaixo do Mínimo,3.0000,569.9700,399.0000,REDE_NAO_SOMAR
1,Botafogo Praia Shopping,Botagogo - RJ,12,CAMISETA FITNESS MASCULINA FST500 AZUL/AZUL MARINHO,Roupas,Camisetas,https://decathlonpro.vteximg.com.br/arquivos/ids/2365346-1000-1000/fts500-print-m-t-shirt-deb-s1.jpg?v=636970028665470000,17.9900,59.9900,39.0000,140.0000,1.5556,118.0000,Abaixo do Mínimo,9.0000,0.9237,ATENÇÃO,161.9100,539.9100,378.0000,539.9100,378.0000,90,93.3178,25.0714,0.0000,42.0000,0.0000,0.0000,0.0000,ESTOQUE POSITIVO,118.0000,Abaixo do Mínimo,9.0000,539.9100,378.0000,REDE_NAO_SOMAR
3,Shopping da Gávea,Gávea - RJ,24,TÊNIS FITNESS MASCULINO PRETO LINHA 100,Calçados,Tênis Corrida,https://decathlonpro.vteximg.com.br/arquivos/ids/2363821-1000-1000/tenis-fitness-cardio-masculino-linha-101.jpg?v=636963736443270000,35.9900,119.9900,25.0000,78.0000,0.8667,356.0000,Abaixo do Mínimo,23.0000,0.9354,ATENÇÃO,827.7700,2759.7700,1932.0000,2759.7700,1932.0000,90,103.9913,28.8462,0.0000,84.0000,0.0000,0.0000,0.0000,ESTOQUE POSITIVO,356.0000,Abaixo do Mínimo,23.0000,2759.7700,1932.0000,REDE_NAO_SOMAR
4,Barra Shopping,Barra da Tijuca - RJ,5,"BERMUDA MASCULINA ""REPS"" VERMELHA - LINHA 500",Roupas,Bermudas,https://decathlonpro.vteximg.com.br/arquivos/ids/2350361-1000-1000/bermuda-crosstraining-tecido-elastico-domyos-01.png?v=636936268190900000,32.9900,109.9900,6.0000,18.0000,0.2000,34.0000,Abaixo do Mínimo,2.0000,0.9412,ATENÇÃO,65.9800,219.9800,154.0000,219.9800,154.0000,90,21.9980,30.0000,0.0000,77.0000,0.0000,0.0000,0.0000,ESTOQUE POSITIVO,34.0000,Abaixo do Mínimo,2.0000,219.9800,154.0000,REDE_NAO_SOMAR
3,Shopping da Gávea,Gávea - RJ,30,LUVAS ACADEMIA / MEIA PALMA MUSCULAÇÃO NEOPRENE (O PAR),Acessórios,Luvas,https://decathlonpro.vteximg.com.br/arquivos/ids/2299613-1000-1000/-meia-luva-muscu-pto-domyos-eu-m-us-s1.jpg?v=636885188513800000,7.7900,25.9900,18.0000,49.0000,0.5444,149.0000,Abaixo do Mínimo,13.0000,0.9128,ATENÇÃO,101.2700,337.8700,236.6000,337.8700,236.6000,90,14.1501,33.0612,0.0000,18.2000,0.0000,0.0000,0.0000,ESTOQUE POSITIVO,149.0000,Abaixo do Mínimo,13.0000,337.8700,236.6000,REDE_NAO_SOMAR
5,Shopping Tijuca,Tijuca - RJ,8,CALÇA MASCULINA 500,Roupas,Calças,https://decathlonpro.vteximg.com.br/arquivos/ids/2304670-1000-1000/trousers500-slim-zip-gym-d-xs---w28-l331.jpg?v=636887017655970000,38.9900,129.9900,53.0000,133.0000,1.4778,24.0000,Abaixo do Mínimo,1.0000,0.9583,ATENÇÃO,38.9900,129.9900,91.0000,129.9900,91.0000,90,192.0963,35.8647,0.0000,91.0000,0.0000,0.0000,0.0000,ESTOQUE POSITIVO,24.0000,Abaixo do Mínimo,1.0000,129.9900,91.0000,REDE_NAO_SOMAR
3,Shopping da Gávea,Gávea - RJ,23,TÊNIS FITNESS MASCULINO PRETO/CINZA LINHA 500,Calçados,Tênis Corrida,https://decathlonpro.vteximg.com.br/arquivos/ids/2184518-1000-1000/shoes-fitness-500-m-black--uk-7---eu-411.jpg?v=636733698622870000,26.9900,89.9900,18.0000,41.0000,0.4556,63.0000,Abaixo do Mínimo,4.0000,0.9365,ATENÇÃO,107.9600,359.9600,252.0000,359.9600,252.0000,90,40.9954,39.5122,0.0000,63.0000,0.0000,0.0000,0.0000,ESTOQUE POSITIVO,63.0000,Abaixo do Mínimo,4.0000,359.9600,252.0000,REDE_NAO_SOMAR
5,Shopping Tijuca,Tijuca - RJ,14,CAMISETA FITNESS MASCULINA FST120 ESTAMPADO CAQUI,Roupas,Camisetas,https://decathlonpro.vteximg.com.br/arquivos/ids/2364246-1000-1000/camiseta-fitness-cardio-masculina-linha1.jpg?v=636963945163900000,14.9900,49.9900,37.0000,68.0000,0.7556,23.0000,Abaixo do Mínimo,1.0000,0.9565,ATENÇÃO,14.9900,49.9900,35.0000,49.9900,35.0000,90,37.7702,48.9706,0.0000,35.0000,0.0000,0.0000,0.0000,ESTOQUE POSITIVO,23.0000,Abaixo do Mínimo,1.0000,49.9900,35.0000,REDE_NAO_SOMAR
1,Botafogo Praia Shopping,Botagogo - RJ,24,TÊNIS FITNESS MASCULINO PRETO LINHA 100,Calçados,Tênis Corrida,https://decathlonpro.vteximg.com.br/arquivos/ids/2363821-1000-1000/tenis-fitness-cardio-masculino-linha-101.jpg?v=636963736443270000,35.9900,119.9900,66.0000,118.0000,1.3111,356.0000,Abaixo do Mínimo,23.0000,0.9354,ATENÇÃO,827.7700,2759.7700,1932.0000,2759.7700,1932.0000,90,157.3202,50.3390,0.0000,84.0000,0.0000,0.0000,0.0000,ESTOQUE POSITIVO,356.0000,Abaixo do Mínimo,23.0000,2759.7700,1932.0000,REDE_NAO_SOMAR
3,Shopping da Gávea,Gávea - RJ,12,CAMISETA FITNESS MASCULINA FST500 AZUL/AZUL MARINHO,Roupas,Camisetas,https://decathlonpro.vteximg.com.br/arquivos/ids/2365346-1000-1000/fts500-print-m-t-shirt-deb-s1.jpg?v=636970028665470000,17.9900,59.9900,38.0000,64.0000,0.7111,118.0000,Abaixo do Mínimo,9.0000,0.9237,ATENÇÃO,161.9100,539.9100,378.0000,539.9100,378.0000,90,42.6596,53.4375,0.0000,42.0000,0.0000,0.0000,0.0000,ESTOQUE POSITIVO,118.0000,Abaixo do Mínimo,9.0000,539.9100,378.0000,REDE_NAO_SOMAR
1,Botafogo Praia Shopping,Botagogo - RJ,30,LUVAS ACADEMIA / MEIA PALMA MUSCULAÇÃO NEOPRENE (O PAR),Acessórios,Luvas,https://decathlonpro.vteximg.com.br/arquivos/ids/2299613-1000-1000/-meia-luva-muscu-pto-domyos-eu-m-us-s1.jpg?v=636885188513800000,7.7900,25.9900,38.0000,64.0000,0.7111,149.0000,Abaixo do Mínimo,13.0000,0.9128,ATENÇÃO,101.2700,337.8700,236.6000,337.8700,236.6000,90,18.4818,53.4375,0.0000,18.2000,0.0000,0.0000,0.0000,ESTOQUE POSITIVO,149.0000,Abaixo do Mínimo,13.0000,337.8700,236.6000,REDE_NAO_SOMAR
5,Shopping Tijuca,Tijuca - RJ,25,TÊNIS FITNESS MASCULINO PRETO LINHA 900,Calçados,Tênis Corrida,https://decathlonpro.vteximg.com.br/arquivos/ids/2371257-1000-1000/tenis-fitness-masculino-cardio-training-linha-900-tam-42-cor-preto-domyos1.jpg?v=636979552654570000,74.9900,249.9900,38.0000,62.0000,0.6889,18.0000,Abaixo do Mínimo,1.0000,0.9444,ATENÇÃO,74.9900,249.9900,175.0000,249.9900,175.0000,90,172.2153,55.1613,0.0000,175.0000,0.0000,0.0000,0.0000,ESTOQUE POSITIVO,18.0000,Abaixo do Mínimo,1.0000,249.9900,175.0000,REDE_NAO_SOMAR
4,Barra Shopping,Barra da Tijuca - RJ,10,CAMISETA FITNESS MASCULINA FST500 VERDE CAQUI,Roupas,Camisetas,https://decathlonpro.vteximg.com.br/arquivos/ids/2365408-1000-1000/camiseta-fitness-masculina-cardio-training-linha-fst500-tam-p-cor-verde-caqui-domyos1.jpg?v=636970038954430000,23.9900,79.9900,29.0000,47.0000,0.5222,168.0000,Abaixo do Mínimo,1.0000,0.9940,ATENÇÃO,23.9900,79.9900,56.0000,79.9900,56.0000,90,41.7726,55.5319,0.0000,56.0000,0.0000,0.0000,0.0000,ESTOQUE POSITIVO,168.0000,Abaixo do Mínimo,1.0000,79.9900,56.0000,REDE_NAO_SOMAR
1,Botafogo Praia Shopping,Botagogo - RJ,14,CAMISETA FITNESS MASCULINA FST120 ESTAMPADO CAQUI,Roupas,Camisetas,https://decathlonpro.vteximg.com.br/arquivos/ids/2364246-1000-1000/camiseta-fitness-cardio-masculina-linha1.jpg?v=636963945163900000,14.9900,49.9900,76.0000,104.0000,1.1556,23.0000,Abaixo do Mínimo,1.0000,0.9565,ATENÇÃO,14.9900,49.9900,35.0000,49.9900,35.0000,90,57.7662,65.7692,0.0000,35.0000,0.0000,0.0000,0.0000,ESTOQUE POSITIVO,23.0000,Abaixo do Mínimo,1.0000,49.9900,35.0000,REDE_NAO_SOMAR
5,Shopping Tijuca,Tijuca - RJ,24,TÊNIS FITNESS MASCULINO PRETO LINHA 100,Calçados,Tênis Corrida,https://decathlonpro.vteximg.com.br/arquivos/ids/2363821-1000-1000/tenis-fitness-cardio-masculino-linha-101.jpg?v=636963736443270000,35.9900,119.9900,42.0000,56.0000,0.6222,356.0000,Abaixo do Mínimo,23.0000,0.9354,ATENÇÃO,827.7700,2759.7700,1932.0000,2759.7700,1932.0000,90,74.6604,67.5000,0.0000,84.0000,0.0000,0.0000,0.0000,ESTOQUE POSITIVO,356.0000,Abaixo do Mínimo,23.0000,2759.7700,1932.0000,REDE_NAO_SOMAR
2,Norte Shopping,Cachambi - RJ,12,CAMISETA FITNESS MASCULINA FST500 AZUL/AZUL MARINHO,Roupas,Camisetas,https://decathlonpro.vteximg.com.br/arquivos/ids/2365346-1000-1000/fts500-print-m-t-shirt-deb-s1.jpg?v=636970028665470000,17.9900,59.9900,117.0000,145.0000,1.6111,118.0000,Abaixo do Mínimo,9.0000,0.9237,ATENÇÃO,161.9100,539.9100,378.0000,539.9100,378.0000,90,96.6506,72.6207,0.0000,42.0000,0.0000,0.0000,0.0000,ESTOQUE POSITIVO,118.0000,Abaixo do Mínimo,9.0000,539.9100,378.0000,REDE_NAO_SOMAR
5,Shopping Tijuca,Tijuca - RJ,5,"BERMUDA MASCULINA ""REPS"" VERMELHA - LINHA 500",Roupas,Bermudas,https://decathlonpro.vteximg.com.br/arquivos/ids/2350361-1000-1000/bermuda-crosstraining-tecido-elastico-domyos-01.png?v=636936268190900000,32.9900,109.9900,79.0000,93.0000,1.0333,34.0000,Abaixo do Mínimo,2.0000,0.9412,ATENÇÃO,65.9800,219.9800,154.0000,219.9800,154.0000,90,113.6563,76.4516,0.0000,77.0000,0.0000,0.0000,0.0000,ESTOQUE POSITIVO,34.0000,Abaixo do Mínimo,2.0000,219.9800,154.0000,REDE_NAO_SOMAR
4,Barra Shopping,Barra da Tijuca - RJ,30,LUVAS ACADEMIA / MEIA PALMA MUSCULAÇÃO NEOPRENE (O PAR),Acessórios,Luvas,https://decathlonpro.vteximg.com.br/arquivos/ids/2299613-1000-1000/-meia-luva-muscu-pto-domyos-eu-m-us-s1.jpg?v=636885188513800000,7.7900,25.9900,17.0000,20.0000,0.2222,149.0000,Abaixo do Mínimo,13.0000,0.9128,ATENÇÃO,101.2700,337.8700,236.6000,337.8700,236.6000,90,5.7756,76.5000,0.0000,18.2000,0.0000,0.0000,0.0000,ESTOQUE POSITIVO,149.0000,Abaixo do Mínimo,13.0000,337.8700,236.6000,REDE_NAO_SOMAR
2,Norte Shopping,Cachambi - RJ,24,TÊNIS FITNESS MASCULINO PRETO LINHA 100,Calçados,Tênis Corrida,https://decathlonpro.vteximg.com.br/arquivos/ids/2363821-1000-1000/tenis-fitness-cardio-masculino-linha-101.jpg?v=636963736443270000,35.9900,119.9900,109.0000,96.0000,1.0667,356.0000,Abaixo do Mínimo,23.0000,0.9354,ATENÇÃO,827.7700,2759.7700,1932.0000,2759.7700,1932.0000,90,127.9893,102.1875,0.0000,84.0000,0.0000,0.0000,0.0000,ESTOQUE POSITIVO,356.0000,Abaixo do Mínimo,23.0000,2759.7700,1932.0000,REDE_NAO_SOMAR
3,Shopping da Gávea,Gávea - RJ,17,CASACO MASCULINO GINÁSTICA SPACER,Roupas,Jaquetas,https://decathlonpro.vteximg.com.br/arquivos/ids/2439867-1000-1000/jacket-hood-560-gym-men-marine-s1.jpg?v=637114928712130000,56.9900,189.9900,27.0000,23.0000,0.2556,128.0000,Abaixo do Mínimo,3.0000,0.9766,ATENÇÃO,170.9700,569.9700,399.0000,569.9700,399.0000,90,48.5530,105.6522,0.0000,133.0000,0.0000,0.0000,0.0000,ESTOQUE POSITIVO,128.0000,Abaixo do Mínimo,3.0000,569.9700,399.0000,REDE_NAO_SOMAR
2,Norte Shopping,Cachambi - RJ,30,LUVAS ACADEMIA / MEIA PALMA MUSCULAÇÃO NEOPRENE (O PAR),Acessórios,Luvas,https://decathlonpro.vteximg.com.br/arquivos/ids/2299613-1000-1000/-meia-luva-muscu-pto-domyos-eu-m-us-s1.jpg?v=636885188513800000,7.7900,25.9900,57.0000,48.0000,0.5333,149.0000,Abaixo do Mínimo,13.0000,0.9128,ATENÇÃO,101.2700,337.8700,236.6000,337.8700,236.6000,90,13.8613,106.8750,0.0000,18.2000,0.0000,0.0000,0.0000,ESTOQUE POSITIVO,149.0000,Abaixo do Mínimo,13.0000,337.8700,236.6000,REDE_NAO_SOMAR
4,Barra Shopping,Barra da Tijuca - RJ,23,TÊNIS FITNESS MASCULINO PRETO/CINZA LINHA 500,Calçados,Tênis Corrida,https://decathlonpro.vteximg.com.br/arquivos/ids/2184518-1000-1000/shoes-fitness-500-m-black--uk-7---eu-411.jpg?v=636733698622870000,26.9900,89.9900,45.0000,37.0000,0.4111,63.0000,Abaixo do Mínimo,4.0000,0.9365,ATENÇÃO,107.9600,359.9600,252.0000,359.9600,252.0000,90,36.9959,109.4595,0.0000,63.0000,0.0000,0.0000,0.0000,ESTOQUE POSITIVO,63.0000,Abaixo do Mínimo,4.0000,359.9600,252.0000,REDE_NAO_SOMAR
4,Barra Shopping,Barra da Tijuca - RJ,25,TÊNIS FITNESS MASCULINO PRETO LINHA 900,Calçados,Tênis Corrida,https://decathlonpro.vteximg.com.br/arquivos/ids/2371257-1000-1000/tenis-fitness-masculino-cardio-training-linha-900-tam-42-cor-preto-domyos1.jpg?v=636979552654570000,74.9900,249.9900,51.0000,40.0000,0.4444,18.0000,Abaixo do Mínimo,1.0000,0.9444,ATENÇÃO,74.9900,249.9900,175.0000,249.9900,175.0000,90,111.1067,114.7500,0.0000,175.0000,0.0000,0.0000,0.0000,ESTOQUE POSITIVO,18.0000,Abaixo do Mínimo,1.0000,249.9900,175.0000,REDE_NAO_SOMAR
3,Shopping da Gávea,Gávea - RJ,10,CAMISETA FITNESS MASCULINA FST500 VERDE CAQUI,Roupas,Camisetas,https://decathlonpro.vteximg.com.br/arquivos/ids/2365408-1000-1000/camiseta-fitness-masculina-cardio-training-linha-fst500-tam-p-cor-verde-caqui-domyos1.jpg?v=636970038954430000,23.9900,79.9900,114.0000,76.0000,0.8444,168.0000,Abaixo do Mínimo,1.0000,0.9940,ATENÇÃO,23.9900,79.9900,56.0000,79.9900,56.0000,90,67.5471,135.0000,0.0000,56.0000,0.0000,0.0000,0.0000,ESTOQUE POSITIVO,168.0000,Abaixo do Mínimo,1.0000,79.9900,56.0000,REDE_NAO_SOMAR
3,Shopping da Gávea,Gávea - RJ,22,TÊNIS FITNESS MASCULINO VERMELHO/PRETO LINHA 500,Calçados,Tênis Corrida,https://decathlonpro.vteximg.com.br/arquivos/ids/2365214-1000-1000/tenis-fitness-cardio-masculino-linha-501.jpg?v=636969931556270000,26.9900,89.9900,119.0000,54.0000,0.6000,38.0000,Abaixo do Mínimo,2.0000,0.9474,ATENÇÃO,53.9800,179.9800,126.0000,179.9800,126.0000,90,53.9940,198.3333,0.0000,63.0000,0.0000,0.0000,0.0000,ESTOQUE POSITIVO,38.0000,Abaixo do Mínimo,2.0000,179.9800,126.0000,REDE_NAO_SOMAR
2,Norte Shopping,Cachambi - RJ,17,CASACO MASCULINO GINÁSTICA SPACER,Roupas,Jaquetas,https://decathlonpro.vteximg.com.br/arquivos/ids/2439867-1000-1000/jacket-hood-560-gym-men-marine-s1.jpg?v=637114928712130000,56.9900,189.9900,54.0000,24.0000,0.2667,128.0000,Abaixo do Mínimo,3.0000,0.9766,ATENÇÃO,170.9700,569.9700,399.0000,569.9700,399.0000,90,50.6640,202.5000,0.0000,133.0000,0.0000,0.0000,0.0000,ESTOQUE POSITIVO,128.0000,Abaixo do Mínimo,3.0000,569.9700,399.0000,REDE_NAO_SOMAR
4,Barra Shopping,Barra da Tijuca - RJ,24,TÊNIS FITNESS MASCULINO PRETO LINHA 100,Calçados,Tênis Corrida,https://decathlonpro.vteximg.com.br/arquivos/ids/2363821-1000-1000/tenis-fitness-cardio-masculino-linha-101.jpg?v=636963736443270000,35.9900,119.9900,91.0000,39.0000,0.4333,356.0000,Abaixo do Mínimo,23.0000,0.9354,ATENÇÃO,827.7700,2759.7700,1932.0000,2759.7700,1932.0000,90,51.9957,210.0000,0.0000,84.0000,0.0000,0.0000,0.0000,ESTOQUE POSITIVO,356.0000,Abaixo do Mínimo,23.0000,2759.7700,1932.0000,REDE_NAO_SOMAR
5,Shopping Tijuca,Tijuca - RJ,17,CASACO MASCULINO GINÁSTICA SPACER,Roupas,Jaquetas,https://decathlonpro.vteximg.com.br/arquivos/ids/2439867-1000-1000/jacket-hood-560-gym-men-marine-s1.jpg?v=637114928712130000,56.9900,189.9900,33.0000,11.0000,0.1222,128.0000,Abaixo do Mínimo,3.0000,0.9766,ATENÇÃO,170.9700,569.9700,399.0000,569.9700,399.0000,90,23.2210,270.0000,0.0000,133.0000,0.0000,0.0000,0.0000,ESTOQUE POSITIVO,128.0000,Abaixo do Mínimo,3.0000,569.9700,399.0000,REDE_NAO_SOMAR
1,Botafogo Praia Shopping,Botagogo - RJ,15,JAQUETA FITNESS MASCULINA FVE100 AZUL MARINHO,Roupas,Jaquetas,https://decathlonpro.vteximg.com.br/arquivos/ids/2367427-1000-1000/jaqueta-fitness-cardio-masculino-linha1.jpg?v=636971530655430000,35.9900,119.9900,1.0000,24.0000,0.2667,33.0000,Estoque Seguro,0.0000,1.0606,SAUDÁVEL,0.0000,0.0000,0.0000,0.0000,0.0000,90,31.9973,3.7500,0.0000,84.0000,0.0000,0.0000,0.0000,ESTOQUE POSITIVO,33.0000,Estoque Seguro,0.0000,0.0000,0.0000,REDE_NAO_SOMAR
4,Barra Shopping,Barra da Tijuca - RJ,19,"REGATA ""MACHÃO"" FITNESS TECIDO LEVE 100 AZUL MARINHO",Roupas,Regatas,https://decathlonpro.vteximg.com.br/arquivos/ids/2301930-1000-1000/-regata-mar-creponada-mesh-120-masc-o-s1.jpg?v=636886171137030000,11.9900,39.9900,3.0000,69.0000,0.7667,9.0000,Estoque Seguro,0.0000,1.0000,SAUDÁVEL,0.0000,0.0000,0.0000,0.0000,0.0000,90,30.6590,3.9130,0.0000,28.0000,0.0000,0.0000,0.0000,ESTOQUE POSITIVO,9.0000,Estoque Seguro,0.0000,0.0000,0.0000,REDE_NAO_SOMAR
5,Shopping Tijuca,Tijuca - RJ,21,REGATA MACHÃO MASCULINA FTA 500 PRETA,Roupas,Regatas,https://decathlonpro.vteximg.com.br/arquivos/ids/2367893-1000-1000/fta-500-fw19-m-tank-blk-xl1.jpg?v=636971742130070000,20.9900,69.9900,7.0000,87.0000,0.9667,83.0000,Estoque Seguro,0.0000,1.1205,SAUDÁVEL,0.0000,0.0000,0.0000,0.0000,0.0000,90,67.6570,7.2414,0.0000,49.0000,0.0000,0.0000,0.0000,ESTOQUE POSITIVO,83.0000,Estoque Seguro,0.0000,0.0000,0.0000,REDE_NAO_SOMAR
1,Botafogo Praia Shopping,Botagogo - RJ,28,MEIA DE CORRIDA KIPRUN THICK KALENJI,Calçados,Meias,https://decathlonpro.vteximg.com.br/arquivos/ids/317867-1000-1000/kiprun-socks-black-uk-85-11-eu-43-461.jpg?v=636553022801600000,7.4900,24.9900,10.0000,123.0000,1.3667,212.0000,Estoque Seguro,0.0000,1.0425,SAUDÁVEL,0.0000,0.0000,0.0000,0.0000,0.0000,90,34.1530,7.3171,0.0000,17.5000,0.0000,0.0000,0.0000,ESTOQUE POSITIVO,212.0000,Estoque Seguro,0.0000,0.0000,0.0000,REDE_NAO_SOMAR
1,Botafogo Praia Shopping,Botagogo - RJ,4,BERMUDA FITNESS MASCULINA FTS500 PRETO/CINZA,Roupas,Bermudas,https://decathlonpro.vteximg.com.br/arquivos/ids/2368219-1000-1000/fst500-m-shorts-gry-s1.jpg?v=636972372737030000,26.9900,89.9900,14.0000,104.0000,1.1556,133.0000,Estoque Seguro,0.0000,1.0226,SAUDÁVEL,0.0000,0.0000,0.0000,0.0000,0.0000,90,103.9884,12.1154,0.0000,63.0000,0.0000,0.0000,0.0000,ESTOQUE POSITIVO,133.0000,Estoque Seguro,0.0000,0.0000,0.0000,REDE_NAO_SOMAR
5,Shopping Tijuca,Tijuca - RJ,15,JAQUETA FITNESS MASCULINA FVE100 AZUL MARINHO,Roupas,Jaquetas,https://decathlonpro.vteximg.com.br/arquivos/ids/2367427-1000-1000/jaqueta-fitness-cardio-masculino-linha1.jpg?v=636971530655430000,35.9900,119.9900,3.0000,22.0000,0.2444,33.0000,Estoque Seguro,0.0000,1.0606,SAUDÁVEL,0.0000,0.0000,0.0000,0.0000,0.0000,90,29.3309,12.2727,0.0000,84.0000,0.0000,0.0000,0.0000,ESTOQUE POSITIVO,33.0000,Estoque Seguro,0.0000,0.0000,0.0000,REDE_NAO_SOMAR
4,Barra Shopping,Barra da Tijuca - RJ,18,REGATA MACHÃO MASCULINA FTA 500 VERDE,Roupas,Regatas,https://decathlonpro.vteximg.com.br/arquivos/ids/2368026-1000-1000/fta-500-fw19-m-tank-dgr-m1.jpg?v=636971743664130000,20.9900,69.9900,9.0000,59.0000,0.6556,43.0000,Estoque Seguro,0.0000,1.0000,SAUDÁVEL,0.0000,0.0000,0.0000,0.0000,0.0000,90,45.8823,13.7288,0.0000,49.0000,0.0000,0.0000,0.0000,ESTOQUE POSITIVO,43.0000,Estoque Seguro,0.0000,0.0000,0.0000,REDE_NAO_SOMAR
3,Shopping da Gávea,Gávea - RJ,29,LUVAS ACADEMIA MUSCULAÇÃO NEOPRENE (O PAR),Acessórios,Luvas,https://decathlonpro.vteximg.com.br/arquivos/ids/2299799-1000-1000/-luva-muscu-pto-domyos-eu-s-us-xs1.jpg?v=636885228389930000,10.4900,34.9900,8.0000,51.0000,0.5667,101.0000,Estoque Seguro,0.0000,1.0693,SAUDÁVEL,0.0000,0.0000,0.0000,0.0000,0.0000,90,19.8277,14.1176,0.0000,24.5000,0.0000,0.0000,0.0000,ESTOQUE POSITIVO,101.0000,Estoque Seguro,0.0000,0.0000,0.0000,REDE_NAO_SOMAR
1,Botafogo Praia Shopping,Botagogo - RJ,19,"REGATA ""MACHÃO"" FITNESS TECIDO LEVE 100 AZUL MARINHO",Roupas,Regatas,https://decathlonpro.vteximg.com.br/arquivos/ids/2301930-1000-1000/-regata-mar-creponada-mesh-120-masc-o-s1.jpg?v=636886171137030000,11.9900,39.9900,27.0000,166.0000,1.8444,9.0000,Estoque Seguro,0.0000,1.0000,SAUDÁVEL,0.0000,0.0000,0.0000,0.0000,0.0000,90,73.7593,14.6386,0.0000,28.0000,0.0000,0.0000,0.0000,ESTOQUE POSITIVO,9.0000,Estoque Seguro,0.0000,0.0000,0.0000,REDE_NAO_SOMAR
1,Botafogo Praia Shopping,Botagogo - RJ,1,BLUSA MASCULINA GINÁSTICA,Roupas,Agasalhos,https://decathlonpro.vteximg.com.br/arquivos/ids/2334770-1000-1000/sweat-500-gym-navy-blue-2xl1.jpg?v=636916233785870000,11.9900,39.9900,8.0000,49.0000,0.5444,78.0000,Estoque Seguro,0.0000,1.0897,SAUDÁVEL,0.0000,0.0000,0.0000,0.0000,0.0000,90,21.7723,14.6939,0.0000,28.0000,0.0000,0.0000,0.0000,ESTOQUE POSITIVO,78.0000,Estoque Seguro,0.0000,0.0000,0.0000,REDE_NAO_SOMAR
2,Norte Shopping,Cachambi - RJ,3,BERMUDA FITNESS MASCULINA FST 120 PRETO CLÁSSICO,Roupas,Bermudas,https://decathlonpro.vteximg.com.br/arquivos/ids/2367233-1000-1000/new-fst-120-m-shorts-black-s1.jpg?v=636970923292370000,17.9900,59.9900,22.0000,105.0000,1.1667,52.0000,Estoque Seguro,0.0000,1.0192,SAUDÁVEL,0.0000,0.0000,0.0000,0.0000,0.0000,90,69.9883,18.8571,0.0000,42.0000,0.0000,0.0000,0.0000,ESTOQUE POSITIVO,52.0000,Estoque Seguro,0.0000,0.0000,0.0000,REDE_NAO_SOMAR
4,Barra Shopping,Barra da Tijuca - RJ,2,AGASALHO MENINO GINÁSTICA,Roupas,Agasalhos,https://decathlonpro.vteximg.com.br/arquivos/ids/2432230-1000-1000/gym-y-s500-tb-b-tracksu-141-150cm10-11y1.jpg?v=637082332542900000,20.9900,69.9900,4.0000,18.0000,0.2000,9.0000,Estoque Seguro,0.0000,1.0000,SAUDÁVEL,0.0000,0.0000,0.0000,0.0000,0.0000,90,13.9980,20.0000,0.0000,49.0000,0.0000,0.0000,0.0000,ESTOQUE POSITIVO,9.0000,Estoque Seguro,0.0000,0.0000,0.0000,REDE_NAO_SOMAR
3,Shopping da Gávea,Gávea - RJ,4,BERMUDA FITNESS MASCULINA FTS500 PRETO/CINZA,Roupas,Bermudas,https://decathlonpro.vteximg.com.br/arquivos/ids/2368219-1000-1000/fst500-m-shorts-gry-s1.jpg?v=636972372737030000,26.9900,89.9900,13.0000,58.0000,0.6444,133.0000,Estoque Seguro,0.0000,1.0226,SAUDÁVEL,0.0000,0.0000,0.0000,0.0000,0.0000,90,57.9936,20.1724,0.0000,63.0000,0.0000,0.0000,0.0000,ESTOQUE POSITIVO,133.0000,Estoque Seguro,0.0000,0.0000,0.0000,REDE_NAO_SOMAR
3,Shopping da Gávea,Gávea - RJ,31,MALA ESPORTIVA 30L DOBRÁVEL TUBO PRETA,Acessórios,Bolsas,https://decathlonpro.vteximg.com.br/arquivos/ids/299416-1000-1000/fitness-bag-pocket-black-1.jpg?v=636552791841630000,14.9900,49.9900,11.0000,41.0000,0.4556,17.0000,Estoque Seguro,0.0000,1.0000,SAUDÁVEL,0.0000,0.0000,0.0000,0.0000,0.0000,90,22.7732,24.1463,0.0000,35.0000,0.0000,0.0000,0.0000,ESTOQUE POSITIVO,17.0000,Estoque Seguro,0.0000,0.0000,0.0000,REDE_NAO_SOMAR
3,Shopping da Gávea,Gávea - RJ,18,REGATA MACHÃO MASCULINA FTA 500 VERDE,Roupas,Regatas,https://decathlonpro.vteximg.com.br/arquivos/ids/2368026-1000-1000/fta-500-fw19-m-tank-dgr-m1.jpg?v=636971743664130000,20.9900,69.9900,26.0000,95.0000,1.0556,43.0000,Estoque Seguro,0.0000,1.0000,SAUDÁVEL,0.0000,0.0000,0.0000,0.0000,0.0000,90,73.8783,24.6316,0.0000,49.0000,0.0000,0.0000,0.0000,ESTOQUE POSITIVO,43.0000,Estoque Seguro,0.0000,0.0000,0.0000,REDE_NAO_SOMAR
3,Shopping da Gávea,Gávea - RJ,28,MEIA DE CORRIDA KIPRUN THICK KALENJI,Calçados,Meias,https://decathlonpro.vteximg.com.br/arquivos/ids/317867-1000-1000/kiprun-socks-black-uk-85-11-eu-43-461.jpg?v=636553022801600000,7.4900,24.9900,25.0000,88.0000,0.9778,212.0000,Estoque Seguro,0.0000,1.0425,SAUDÁVEL,0.0000,0.0000,0.0000,0.0000,0.0000,90,24.4347,25.5682,0.0000,17.5000,0.0000,0.0000,0.0000,ESTOQUE POSITIVO,212.0000,Estoque Seguro,0.0000,0.0000,0.0000,REDE_NAO_SOMAR
4,Barra Shopping,Barra da Tijuca - RJ,11,CAMISETA FITNESS MASCULINA FST500 PRETO CINZENTO,Roupas,Camisetas,https://decathlonpro.vteximg.com.br/arquivos/ids/2365485-1000-1000/camiseta-fitness-masculina-cardio-training-linha-fst500-tam-p-cor-preto-cinzento-domyos1.jpg?v=636970042592470000,23.9900,79.9900,20.0000,62.0000,0.6889,171.0000,Estoque Seguro,0.0000,1.1111,SAUDÁVEL,0.0000,0.0000,0.0000,0.0000,0.0000,90,55.1042,29.0323,0.0000,56.0000,0.0000,0.0000,0.0000,ESTOQUE POSITIVO,171.0000,Estoque Seguro,0.0000,0.0000,0.0000,REDE_NAO_SOMAR
3,Shopping da Gávea,Gávea - RJ,20,REGATA FITNESS MASCULINA 2019 - LINHA 500,Roupas,Regatas,https://decathlonpro.vteximg.com.br/arquivos/ids/2310562-1000-1000/boxing-tank-500-m-m-tank-blk-l1.jpg?v=636891237119600000,17.9900,59.9900,22.0000,67.0000,0.7444,140.0000,Estoque Seguro,0.0000,1.0214,SAUDÁVEL,0.0000,0.0000,0.0000,0.0000,0.0000,90,44.6592,29.5522,0.0000,42.0000,0.0000,0.0000,0.0000,ESTOQUE POSITIVO,140.0000,Estoque Seguro,0.0000,0.0000,0.0000,REDE_NAO_SOMAR
4,Barra Shopping,Barra da Tijuca - RJ,29,LUVAS ACADEMIA MUSCULAÇÃO NEOPRENE (O PAR),Acessórios,Luvas,https://decathlonpro.vteximg.com.br/arquivos/ids/2299799-1000-1000/-luva-muscu-pto-domyos-eu-s-us-xs1.jpg?v=636885228389930000,10.4900,34.9900,10.0000,30.0000,0.3333,101.0000,Estoque Seguro,0.0000,1.0693,SAUDÁVEL,0.0000,0.0000,0.0000,0.0000,0.0000,90,11.6633,30.0000,0.0000,24.5000,0.0000,0.0000,0.0000,ESTOQUE POSITIVO,101.0000,Estoque Seguro,0.0000,0.0000,0.0000,REDE_NAO_SOMAR
1,Botafogo Praia Shopping,Botagogo - RJ,6,BERMUDA FITNESS MASCULINA FTS500 PRETO/VERMELHO,Roupas,Bermudas,https://decathlonpro.vteximg.com.br/arquivos/ids/2368441-1000-1000/fst500-m-shorts-red-s1.jpg?v=636972376884200000,23.9900,79.9900,50.0000,149.0000,1.6556,16.0000,Estoque Seguro,0.0000,1.1250,SAUDÁVEL,0.0000,0.0000,0.0000,0.0000,0.0000,90,132.4279,30.2013,0.0000,56.0000,0.0000,0.0000,0.0000,ESTOQUE POSITIVO,16.0000,Estoque Seguro,0.0000,0.0000,0.0000,REDE_NAO_SOMAR
2,Norte Shopping,Cachambi - RJ,2,AGASALHO MENINO GINÁSTICA,Roupas,Agasalhos,https://decathlonpro.vteximg.com.br/arquivos/ids/2432230-1000-1000/gym-y-s500-tb-b-tracksu-141-150cm10-11y1.jpg?v=637082332542900000,20.9900,69.9900,17.0000,48.0000,0.5333,9.0000,Estoque Seguro,0.0000,1.0000,SAUDÁVEL,0.0000,0.0000,0.0000,0.0000,0.0000,90,37.3280,31.8750,0.0000,49.0000,0.0000,0.0000,0.0000,ESTOQUE POSITIVO,9.0000,Estoque Seguro,0.0000,0.0000,0.0000,REDE_NAO_SOMAR
3,Shopping da Gávea,Gávea - RJ,7,CALÇA SLIM 500,Roupas,Calças,https://decathlonpro.vteximg.com.br/arquivos/ids/2435259-1000-1000/calcas-slim-para-ginastica-e-pilates-homem-500-com-fecho-preto-trousers-500-slim-zip-gym-3xl---w44-l341.jpg?v=637086545572330000,38.9900,129.9900,28.0000,71.0000,0.7889,263.0000,Estoque Seguro,0.0000,1.0000,SAUDÁVEL,0.0000,0.0000,0.0000,0.0000,0.0000,90,102.5477,35.4930,0.0000,91.0000,0.0000,0.0000,0.0000,ESTOQUE POSITIVO,263.0000,Estoque Seguro,0.0000,0.0000,0.0000,REDE_NAO_SOMAR
1,Botafogo Praia Shopping,Botagogo - RJ,27,MEIA DE CORRIDA COMFORT HIGH,Calçados,Meias,https://decathlonpro.vteximg.com.br/arquivos/ids/2422736-1000-1000/-elio-high-bca-35381.jpg?v=637066830049770000,2.9900,9.9900,57.0000,141.0000,1.5667,124.0000,Estoque Seguro,0.0000,1.0484,SAUDÁVEL,0.0000,0.0000,0.0000,0.0000,0.0000,90,15.6510,36.3830,0.0000,7.0000,0.0000,0.0000,0.0000,ESTOQUE POSITIVO,124.0000,Estoque Seguro,0.0000,0.0000,0.0000,REDE_NAO_SOMAR
5,Shopping Tijuca,Tijuca - RJ,29,LUVAS ACADEMIA MUSCULAÇÃO NEOPRENE (O PAR),Acessórios,Luvas,https://decathlonpro.vteximg.com.br/arquivos/ids/2299799-1000-1000/-luva-muscu-pto-domyos-eu-s-us-xs1.jpg?v=636885228389930000,10.4900,34.9900,23.0000,51.0000,0.5667,101.0000,Estoque Seguro,0.0000,1.0693,SAUDÁVEL,0.0000,0.0000,0.0000,0.0000,0.0000,90,19.8277,40.5882,0.0000,24.5000,0.0000,0.0000,0.0000,ESTOQUE POSITIVO,101.0000,Estoque Seguro,0.0000,0.0000,0.0000,REDE_NAO_SOMAR
5,Shopping Tijuca,Tijuca - RJ,3,BERMUDA FITNESS MASCULINA FST 120 PRETO CLÁSSICO,Roupas,Bermudas,https://decathlonpro.vteximg.com.br/arquivos/ids/2367233-1000-1000/new-fst-120-m-shorts-black-s1.jpg?v=636970923292370000,17.9900,59.9900,40.0000,81.0000,0.9000,52.0000,Estoque Seguro,0.0000,1.0192,SAUDÁVEL,0.0000,0.0000,0.0000,0.0000,0.0000,90,53.9910,44.4444,0.0000,42.0000,0.0000,0.0000,0.0000,ESTOQUE POSITIVO,52.0000,Estoque Seguro,0.0000,0.0000,0.0000,REDE_NAO_SOMAR
1,Botafogo Praia Shopping,Botagogo - RJ,3,BERMUDA FITNESS MASCULINA FST 120 PRETO CLÁSSICO,Roupas,Bermudas,https://decathlonpro.vteximg.com.br/arquivos/ids/2367233-1000-1000/new-fst-120-m-shorts-black-s1.jpg?v=636970923292370000,17.9900,59.9900,77.0000,154.0000,1.7111,52.0000,Estoque Seguro,0.0000,1.0192,SAUDÁVEL,0.0000,0.0000,0.0000,0.0000,0.0000,90,102.6496,45.0000,0.0000,42.0000,0.0000,0.0000,0.0000,ESTOQUE POSITIVO,52.0000,Estoque Seguro,0.0000,0.0000,0.0000,REDE_NAO_SOMAR
5,Shopping Tijuca,Tijuca - RJ,32,MALA ESPORTIVA 30L DOBRÁVEL TUBO VIOLETA,Acessórios,Bolsas,https://decathlonpro.vteximg.com.br/arquivos/ids/2290108-1000-1000/foldable-fitness-bag-30l-burgun-no-size1.jpg?v=636879951358900000,14.9900,49.9900,23.0000,44.0000,0.4889,22.0000,Estoque Seguro,0.0000,1.1364,SAUDÁVEL,0.0000,0.0000,0.0000,0.0000,0.0000,90,24.4396,47.0455,0.0000,35.0000,0.0000,0.0000,0.0000,ESTOQUE POSITIVO,22.0000,Estoque Seguro,0.0000,0.0000,0.0000,REDE_NAO_SOMAR
4,Barra Shopping,Barra da Tijuca - RJ,20,REGATA FITNESS MASCULINA 2019 - LINHA 500,Roupas,Regatas,https://decathlonpro.vteximg.com.br/arquivos/ids/2310562-1000-1000/boxing-tank-500-m-m-tank-blk-l1.jpg?v=636891237119600000,17.9900,59.9900,22.0000,41.0000,0.4556,140.0000,Estoque Seguro,0.0000,1.0214,SAUDÁVEL,0.0000,0.0000,0.0000,0.0000,0.0000,90,27.3288,48.2927,0.0000,42.0000,0.0000,0.0000,0.0000,ESTOQUE POSITIVO,140.0000,Estoque Seguro,0.0000,0.0000,0.0000,REDE_NAO_SOMAR
1,Botafogo Praia Shopping,Botagogo - RJ,16,JAQUETA MASCULINA DE ACADEMIA FVE900,Roupas,Jaquetas,https://decathlonpro.vteximg.com.br/arquivos/ids/2272124-1000-1000/fve900-t2-m-jacket-blk-l1.jpg?v=636861791687630000,50.9900,169.9900,18.0000,30.0000,0.3333,7.0000,Estoque Seguro,0.0000,1.0000,SAUDÁVEL,0.0000,0.0000,0.0000,0.0000,0.0000,90,56.6633,54.0000,0.0000,119.0000,0.0000,0.0000,0.0000,ESTOQUE POSITIVO,7.0000,Estoque Seguro,0.0000,0.0000,0.0000,REDE_NAO_SOMAR
1,Botafogo Praia Shopping,Botagogo - RJ,9,CALÇA DE FITNESS ENERGY DOMYOS MASCULINA,Roupas,Calças,https://decathlonpro.vteximg.com.br/arquivos/ids/229310-500-500/energy-pant-2017-black-w41-l341.jpg?v=636550426313670000,26.9900,89.9900,62.0000,102.0000,1.1333,26.0000,Estoque Seguro,0.0000,1.0000,SAUDÁVEL,0.0000,0.0000,0.0000,0.0000,0.0000,90,101.9887,54.7059,0.0000,63.0000,0.0000,0.0000,0.0000,ESTOQUE POSITIVO,26.0000,Estoque Seguro,0.0000,0.0000,0.0000,REDE_NAO_SOMAR
1,Botafogo Praia Shopping,Botagogo - RJ,13,CAMISETA FITNESS MASCULINA FST120 BORDÔ ESTAMPADO,Roupas,Camisetas,https://decathlonpro.vteximg.com.br/arquivos/ids/2367688-1000-1000/fts-120-m-t-shirt-bdx-s1.jpg?v=636971625768530000,17.9900,59.9900,70.0000,110.0000,1.2222,72.0000,Estoque Seguro,0.0000,1.1111,SAUDÁVEL,0.0000,0.0000,0.0000,0.0000,0.0000,90,73.3211,57.2727,0.0000,42.0000,0.0000,0.0000,0.0000,ESTOQUE POSITIVO,72.0000,Estoque Seguro,0.0000,0.0000,0.0000,REDE_NAO_SOMAR
3,Shopping da Gávea,Gávea - RJ,1,BLUSA MASCULINA GINÁSTICA,Roupas,Agasalhos,https://decathlonpro.vteximg.com.br/arquivos/ids/2334770-1000-1000/sweat-500-gym-navy-blue-2xl1.jpg?v=636916233785870000,11.9900,39.9900,14.0000,22.0000,0.2444,78.0000,Estoque Seguro,0.0000,1.0897,SAUDÁVEL,0.0000,0.0000,0.0000,0.0000,0.0000,90,9.7753,57.2727,0.0000,28.0000,0.0000,0.0000,0.0000,ESTOQUE POSITIVO,78.0000,Estoque Seguro,0.0000,0.0000,0.0000,REDE_NAO_SOMAR
5,Shopping Tijuca,Tijuca - RJ,4,BERMUDA FITNESS MASCULINA FTS500 PRETO/CINZA,Roupas,Bermudas,https://decathlonpro.vteximg.com.br/arquivos/ids/2368219-1000-1000/fst500-m-shorts-gry-s1.jpg?v=636972372737030000,26.9900,89.9900,41.0000,62.0000,0.6889,133.0000,Estoque Seguro,0.0000,1.0226,SAUDÁVEL,0.0000,0.0000,0.0000,0.0000,0.0000,90,61.9931,59.5161,0.0000,63.0000,0.0000,0.0000,0.0000,ESTOQUE POSITIVO,133.0000,Estoque Seguro,0.0000,0.0000,0.0000,REDE_NAO_SOMAR
2,Norte Shopping,Cachambi - RJ,15,JAQUETA FITNESS MASCULINA FVE100 AZUL MARINHO,Roupas,Jaquetas,https://decathlonpro.vteximg.com.br/arquivos/ids/2367427-1000-1000/jaqueta-fitness-cardio-masculino-linha1.jpg?v=636971530655430000,35.9900,119.9900,18.0000,27.0000,0.3000,33.0000,Estoque Seguro,0.0000,1.0606,SAUDÁVEL,0.0000,0.0000,0.0000,0.0000,0.0000,90,35.9970,60.0000,0.0000,84.0000,0.0000,0.0000,0.0000,ESTOQUE POSITIVO,33.0000,Estoque Seguro,0.0000,0.0000,0.0000,REDE_NAO_SOMAR
2,Norte Shopping,Cachambi - RJ,28,MEIA DE CORRIDA KIPRUN THICK KALENJI,Calçados,Meias,https://decathlonpro.vteximg.com.br/arquivos/ids/317867-1000-1000/kiprun-socks-black-uk-85-11-eu-43-461.jpg?v=636553022801600000,7.4900,24.9900,83.0000,118.0000,1.3111,212.0000,Estoque Seguro,0.0000,1.0425,SAUDÁVEL,0.0000,0.0000,0.0000,0.0000,0.0000,90,32.7647,63.3051,0.0000,17.5000,0.0000,0.0000,0.0000,ESTOQUE POSITIVO,212.0000,Estoque Seguro,0.0000,0.0000,0.0000,REDE_NAO_SOMAR
2,Norte Shopping,Cachambi - RJ,1,BLUSA MASCULINA GINÁSTICA,Roupas,Agasalhos,https://decathlonpro.vteximg.com.br/arquivos/ids/2334770-1000-1000/sweat-500-gym-navy-blue-2xl1.jpg?v=636916233785870000,11.9900,39.9900,36.0000,51.0000,0.5667,78.0000,Estoque Seguro,0.0000,1.0897,SAUDÁVEL,0.0000,0.0000,0.0000,0.0000,0.0000,90,22.6610,63.5294,0.0000,28.0000,0.0000,0.0000,0.0000,ESTOQUE POSITIVO,78.0000,Estoque Seguro,0.0000,0.0000,0.0000,REDE_NAO_SOMAR
4,Barra Shopping,Barra da Tijuca - RJ,31,MALA ESPORTIVA 30L DOBRÁVEL TUBO PRETA,Acessórios,Bolsas,https://decathlonpro.vteximg.com.br/arquivos/ids/299416-1000-1000/fitness-bag-pocket-black-1.jpg?v=636552791841630000,14.9900,49.9900,21.0000,28.0000,0.3111,17.0000,Estoque Seguro,0.0000,1.0000,SAUDÁVEL,0.0000,0.0000,0.0000,0.0000,0.0000,90,15.5524,67.5000,0.0000,35.0000,0.0000,0.0000,0.0000,ESTOQUE POSITIVO,17.0000,Estoque Seguro,0.0000,0.0000,0.0000,REDE_NAO_SOMAR
3,Shopping da Gávea,Gávea - RJ,13,CAMISETA FITNESS MASCULINA FST120 BORDÔ ESTAMPADO,Roupas,Camisetas,https://decathlonpro.vteximg.com.br/arquivos/ids/2367688-1000-1000/fts-120-m-t-shirt-bdx-s1.jpg?v=636971625768530000,17.9900,59.9900,57.0000,73.0000,0.8111,72.0000,Estoque Seguro,0.0000,1.1111,SAUDÁVEL,0.0000,0.0000,0.0000,0.0000,0.0000,90,48.6586,70.2740,0.0000,42.0000,0.0000,0.0000,0.0000,ESTOQUE POSITIVO,72.0000,Estoque Seguro,0.0000,0.0000,0.0000,REDE_NAO_SOMAR
2,Norte Shopping,Cachambi - RJ,20,REGATA FITNESS MASCULINA 2019 - LINHA 500,Roupas,Regatas,https://decathlonpro.vteximg.com.br/arquivos/ids/2310562-1000-1000/boxing-tank-500-m-m-tank-blk-l1.jpg?v=636891237119600000,17.9900,59.9900,87.0000,108.0000,1.2000,140.0000,Estoque Seguro,0.0000,1.0214,SAUDÁVEL,0.0000,0.0000,0.0000,0.0000,0.0000,90,71.9880,72.5000,0.0000,42.0000,0.0000,0.0000,0.0000,ESTOQUE POSITIVO,140.0000,Estoque Seguro,0.0000,0.0000,0.0000,REDE_NAO_SOMAR
5,Shopping Tijuca,Tijuca - RJ,28,MEIA DE CORRIDA KIPRUN THICK KALENJI,Calçados,Meias,https://decathlonpro.vteximg.com.br/arquivos/ids/317867-1000-1000/kiprun-socks-black-uk-85-11-eu-43-461.jpg?v=636553022801600000,7.4900,24.9900,60.0000,67.0000,0.7444,212.0000,Estoque Seguro,0.0000,1.0425,SAUDÁVEL,0.0000,0.0000,0.0000,0.0000,0.0000,90,18.6037,80.5970,0.0000,17.5000,0.0000,0.0000,0.0000,ESTOQUE POSITIVO,212.0000,Estoque Seguro,0.0000,0.0000,0.0000,REDE_NAO_SOMAR
3,Shopping da Gávea,Gávea - RJ,6,BERMUDA FITNESS MASCULINA FTS500 PRETO/VERMELHO,Roupas,Bermudas,https://decathlonpro.vteximg.com.br/arquivos/ids/2368441-1000-1000/fst500-m-shorts-red-s1.jpg?v=636972376884200000,23.9900,79.9900,87.0000,97.0000,1.0778,16.0000,Estoque Seguro,0.0000,1.1250,SAUDÁVEL,0.0000,0.0000,0.0000,0.0000,0.0000,90,86.2114,80.7216,0.0000,56.0000,0.0000,0.0000,0.0000,ESTOQUE POSITIVO,16.0000,Estoque Seguro,0.0000,0.0000,0.0000,REDE_NAO_SOMAR
5,Shopping Tijuca,Tijuca - RJ,18,REGATA MACHÃO MASCULINA FTA 500 VERDE,Roupas,Regatas,https://decathlonpro.vteximg.com.br/arquivos/ids/2368026-1000-1000/fta-500-fw19-m-tank-dgr-m1.jpg?v=636971743664130000,20.9900,69.9900,86.0000,94.0000,1.0444,43.0000,Estoque Seguro,0.0000,1.0000,SAUDÁVEL,0.0000,0.0000,0.0000,0.0000,0.0000,90,73.1007,82.3404,0.0000,49.0000,0.0000,0.0000,0.0000,ESTOQUE POSITIVO,43.0000,Estoque Seguro,0.0000,0.0000,0.0000,REDE_NAO_SOMAR
5,Shopping Tijuca,Tijuca - RJ,26,MEIA DE CORRIDA COMFORT INVISIBLE KALENJI,Calçados,Meias,https://decathlonpro.vteximg.com.br/arquivos/ids/2119148-1000-1000/-comfort-invisible-bca-85-11-us9-1151.jpg?v=636689105257470000,2.9900,9.9900,67.0000,71.0000,0.7889,395.0000,Estoque Seguro,0.0000,1.1013,SAUDÁVEL,0.0000,0.0000,0.0000,0.0000,0.0000,90,7.8810,84.9296,0.0000,7.0000,0.0000,0.0000,0.0000,ESTOQUE POSITIVO,395.0000,Estoque Seguro,0.0000,0.0000,0.0000,REDE_NAO_SOMAR
3,Shopping da Gávea,Gávea - RJ,21,REGATA MACHÃO MASCULINA FTA 500 PRETA,Roupas,Regatas,https://decathlonpro.vteximg.com.br/arquivos/ids/2367893-1000-1000/fta-500-fw19-m-tank-blk-xl1.jpg?v=636971742130070000,20.9900,69.9900,78.0000,81.0000,0.9000,83.0000,Estoque Seguro,0.0000,1.1205,SAUDÁVEL,0.0000,0.0000,0.0000,0.0000,0.0000,90,62.9910,86.6667,0.0000,49.0000,0.0000,0.0000,0.0000,ESTOQUE POSITIVO,83.0000,Estoque Seguro,0.0000,0.0000,0.0000,REDE_NAO_SOMAR
4,Barra Shopping,Barra da Tijuca - RJ,21,REGATA MACHÃO MASCULINA FTA 500 PRETA,Roupas,Regatas,https://decathlonpro.vteximg.com.br/arquivos/ids/2367893-1000-1000/fta-500-fw19-m-tank-blk-xl1.jpg?v=636971742130070000,20.9900,69.9900,47.0000,46.0000,0.5111,83.0000,Estoque Seguro,0.0000,1.1205,SAUDÁVEL,0.0000,0.0000,0.0000,0.0000,0.0000,90,35.7727,91.9565,0.0000,49.0000,0.0000,0.0000,0.0000,ESTOQUE POSITIVO,83.0000,Estoque Seguro,0.0000,0.0000,0.0000,REDE_NAO_SOMAR
5,Shopping Tijuca,Tijuca - RJ,11,CAMISETA FITNESS MASCULINA FST500 PRETO CINZENTO,Roupas,Camisetas,https://decathlonpro.vteximg.com.br/arquivos/ids/2365485-1000-1000/camiseta-fitness-masculina-cardio-training-linha-fst500-tam-p-cor-preto-cinzento-domyos1.jpg?v=636970042592470000,23.9900,79.9900,116.0000,107.0000,1.1889,171.0000,Estoque Seguro,0.0000,1.1111,SAUDÁVEL,0.0000,0.0000,0.0000,0.0000,0.0000,90,95.0992,97.5701,0.0000,56.0000,0.0000,0.0000,0.0000,ESTOQUE POSITIVO,171.0000,Estoque Seguro,0.0000,0.0000,0.0000,REDE_NAO_SOMAR
1,Botafogo Praia Shopping,Botagogo - RJ,7,CALÇA SLIM 500,Roupas,Calças,https://decathlonpro.vteximg.com.br/arquivos/ids/2435259-1000-1000/calcas-slim-para-ginastica-e-pilates-homem-500-com-fecho-preto-trousers-500-slim-zip-gym-3xl---w44-l341.jpg?v=637086545572330000,38.9900,129.9900,115.0000,105.0000,1.1667,263.0000,Estoque Seguro,0.0000,1.0000,SAUDÁVEL,0.0000,0.0000,0.0000,0.0000,0.0000,90,151.6550,98.5714,0.0000,91.0000,0.0000,0.0000,0.0000,ESTOQUE POSITIVO,263.0000,Estoque Seguro,0.0000,0.0000,0.0000,REDE_NAO_SOMAR
5,Shopping Tijuca,Tijuca - RJ,1,BLUSA MASCULINA GINÁSTICA,Roupas,Agasalhos,https://decathlonpro.vteximg.com.br/arquivos/ids/2334770-1000-1000/sweat-500-gym-navy-blue-2xl1.jpg?v=636916233785870000,11.9900,39.9900,27.0000,24.0000,0.2667,78.0000,Estoque Seguro,0.0000,1.0897,SAUDÁVEL,0.0000,0.0000,0.0000,0.0000,0.0000,90,10.6640,101.2500,0.0000,28.0000,0.0000,0.0000,0.0000,ESTOQUE POSITIVO,78.0000,Estoque Seguro,0.0000,0.0000,0.0000,REDE_NAO_SOMAR
4,Barra Shopping,Barra da Tijuca - RJ,28,MEIA DE CORRIDA KIPRUN THICK KALENJI,Calçados,Meias,https://decathlonpro.vteximg.com.br/arquivos/ids/317867-1000-1000/kiprun-socks-black-uk-85-11-eu-43-461.jpg?v=636553022801600000,7.4900,24.9900,43.0000,38.0000,0.4222,212.0000,Estoque Seguro,0.0000,1.0425,SAUDÁVEL,0.0000,0.0000,0.0000,0.0000,0.0000,90,10.5513,101.8421,0.0000,17.5000,0.0000,0.0000,0.0000,ESTOQUE POSITIVO,212.0000,Estoque Seguro,0.0000,0.0000,0.0000,REDE_NAO_SOMAR
5,Shopping Tijuca,Tijuca - RJ,9,CALÇA DE FITNESS ENERGY DOMYOS MASCULINA,Roupas,Calças,https://decathlonpro.vteximg.com.br/arquivos/ids/229310-500-500/energy-pant-2017-black-w41-l341.jpg?v=636550426313670000,26.9900,89.9900,93.0000,81.0000,0.9000,26.0000,Estoque Seguro,0.0000,1.0000,SAUDÁVEL,0.0000,0.0000,0.0000,0.0000,0.0000,90,80.9910,103.3333,0.0000,63.0000,0.0000,0.0000,0.0000,ESTOQUE POSITIVO,26.0000,Estoque Seguro,0.0000,0.0000,0.0000,REDE_NAO_SOMAR
1,Botafogo Praia Shopping,Botagogo - RJ,26,MEIA DE CORRIDA COMFORT INVISIBLE KALENJI,Calçados,Meias,https://decathlonpro.vteximg.com.br/arquivos/ids/2119148-1000-1000/-comfort-invisible-bca-85-11-us9-1151.jpg?v=636689105257470000,2.9900,9.9900,172.0000,147.0000,1.6333,395.0000,Estoque Seguro,0.0000,1.1013,SAUDÁVEL,0.0000,0.0000,0.0000,0.0000,0.0000,90,16.3170,105.3061,0.0000,7.0000,0.0000,0.0000,0.0000,ESTOQUE POSITIVO,395.0000,Estoque Seguro,0.0000,0.0000,0.0000,REDE_NAO_SOMAR
2,Norte Shopping,Cachambi - RJ,11,CAMISETA FITNESS MASCULINA FST500 PRETO CINZENTO,Roupas,Camisetas,https://decathlonpro.vteximg.com.br/arquivos/ids/2365485-1000-1000/camiseta-fitness-masculina-cardio-training-linha-fst500-tam-p-cor-preto-cinzento-domyos1.jpg?v=636970042592470000,23.9900,79.9900,120.0000,102.0000,1.1333,171.0000,Estoque Seguro,0.0000,1.1111,SAUDÁVEL,0.0000,0.0000,0.0000,0.0000,0.0000,90,90.6553,105.8824,0.0000,56.0000,0.0000,0.0000,0.0000,ESTOQUE POSITIVO,171.0000,Estoque Seguro,0.0000,0.0000,0.0000,REDE_NAO_SOMAR
1,Botafogo Praia Shopping,Botagogo - RJ,20,REGATA FITNESS MASCULINA 2019 - LINHA 500,Roupas,Regatas,https://decathlonpro.vteximg.com.br/arquivos/ids/2310562-1000-1000/boxing-tank-500-m-m-tank-blk-l1.jpg?v=636891237119600000,17.9900,59.9900,146.0000,114.0000,1.2667,140.0000,Estoque Seguro,0.0000,1.0214,SAUDÁVEL,0.0000,0.0000,0.0000,0.0000,0.0000,90,75.9873,115.2632,0.0000,42.0000,0.0000,0.0000,0.0000,ESTOQUE POSITIVO,140.0000,Estoque Seguro,0.0000,0.0000,0.0000,REDE_NAO_SOMAR
2,Norte Shopping,Cachambi - RJ,26,MEIA DE CORRIDA COMFORT INVISIBLE KALENJI,Calçados,Meias,https://decathlonpro.vteximg.com.br/arquivos/ids/2119148-1000-1000/-comfort-invisible-bca-85-11-us9-1151.jpg?v=636689105257470000,2.9900,9.9900,121.0000,86.0000,0.9556,395.0000,Estoque Seguro,0.0000,1.1013,SAUDÁVEL,0.0000,0.0000,0.0000,0.0000,0.0000,90,9.5460,126.6279,0.0000,7.0000,0.0000,0.0000,0.0000,ESTOQUE POSITIVO,395.0000,Estoque Seguro,0.0000,0.0000,0.0000,REDE_NAO_SOMAR
1,Botafogo Praia Shopping,Botagogo - RJ,32,MALA ESPORTIVA 30L DOBRÁVEL TUBO VIOLETA,Acessórios,Bolsas,https://decathlonpro.vteximg.com.br/arquivos/ids/2290108-1000-1000/foldable-fitness-bag-30l-burgun-no-size1.jpg?v=636879951358900000,14.9900,49.9900,66.0000,42.0000,0.4667,22.0000,Estoque Seguro,0.0000,1.1364,SAUDÁVEL,0.0000,0.0000,0.0000,0.0000,0.0000,90,23.3287,141.4286,0.0000,35.0000,0.0000,0.0000,0.0000,ESTOQUE POSITIVO,22.0000,Estoque Seguro,0.0000,0.0000,0.0000,REDE_NAO_SOMAR
5,Shopping Tijuca,Tijuca - RJ,16,JAQUETA MASCULINA DE ACADEMIA FVE900,Roupas,Jaquetas,https://decathlonpro.vteximg.com.br/arquivos/ids/2272124-1000-1000/fve900-t2-m-jacket-blk-l1.jpg?v=636861791687630000,50.9900,169.9900,24.0000,15.0000,0.1667,7.0000,Estoque Seguro,0.0000,1.0000,SAUDÁVEL,0.0000,0.0000,0.0000,0.0000,0.0000,90,28.3317,144.0000,0.0000,119.0000,0.0000,0.0000,0.0000,ESTOQUE POSITIVO,7.0000,Estoque Seguro,0.0000,0.0000,0.0000,REDE_NAO_SOMAR
2,Norte Shopping,Cachambi - RJ,29,LUVAS ACADEMIA MUSCULAÇÃO NEOPRENE (O PAR),Acessórios,Luvas,https://decathlonpro.vteximg.com.br/arquivos/ids/2299799-1000-1000/-luva-muscu-pto-domyos-eu-s-us-xs1.jpg?v=636885228389930000,10.4900,34.9900,69.0000,39.0000,0.4333,101.0000,Estoque Seguro,0.0000,1.0693,SAUDÁVEL,0.0000,0.0000,0.0000,0.0000,0.0000,90,15.1623,159.2308,0.0000,24.5000,0.0000,0.0000,0.0000,ESTOQUE POSITIVO,101.0000,Estoque Seguro,0.0000,0.0000,0.0000,REDE_NAO_SOMAR
5,Shopping Tijuca,Tijuca - RJ,2,AGASALHO MENINO GINÁSTICA,Roupas,Agasalhos,https://decathlonpro.vteximg.com.br/arquivos/ids/2432230-1000-1000/gym-y-s500-tb-b-tracksu-141-150cm10-11y1.jpg?v=637082332542900000,20.9900,69.9900,27.0000,15.0000,0.1667,9.0000,Estoque Seguro,0.0000,1.0000,SAUDÁVEL,0.0000,0.0000,0.0000,0.0000,0.0000,90,11.6650,162.0000,0.0000,49.0000,0.0000,0.0000,0.0000,ESTOQUE POSITIVO,9.0000,Estoque Seguro,0.0000,0.0000,0.0000,REDE_NAO_SOMAR
4,Barra Shopping,Barra da Tijuca - RJ,15,JAQUETA FITNESS MASCULINA FVE100 AZUL MARINHO,Roupas,Jaquetas,https://decathlonpro.vteximg.com.br/arquivos/ids/2367427-1000-1000/jaqueta-fitness-cardio-masculino-linha1.jpg?v=636971530655430000,35.9900,119.9900,13.0000,7.0000,0.0778,33.0000,Estoque Seguro,0.0000,1.0606,SAUDÁVEL,0.0000,0.0000,0.0000,0.0000,0.0000,90,9.3326,167.1429,0.0000,84.0000,0.0000,0.0000,0.0000,ESTOQUE POSITIVO,33.0000,Estoque Seguro,0.0000,0.0000,0.0000,REDE_NAO_SOMAR
2,Norte Shopping,Cachambi - RJ,19,"REGATA ""MACHÃO"" FITNESS TECIDO LEVE 100 AZUL MARINHO",Roupas,Regatas,https://decathlonpro.vteximg.com.br/arquivos/ids/2301930-1000-1000/-regata-mar-creponada-mesh-120-masc-o-s1.jpg?v=636886171137030000,11.9900,39.9900,146.0000,72.0000,0.8000,9.0000,Estoque Seguro,0.0000,1.0000,SAUDÁVEL,0.0000,0.0000,0.0000,0.0000,0.0000,90,31.9920,182.5000,0.0000,28.0000,0.0000,0.0000,0.0000,ESTOQUE POSITIVO,9.0000,Estoque Seguro,0.0000,0.0000,0.0000,REDE_NAO_SOMAR
5,Shopping Tijuca,Tijuca - RJ,27,MEIA DE CORRIDA COMFORT HIGH,Calçados,Meias,https://decathlonpro.vteximg.com.br/arquivos/ids/2422736-1000-1000/-elio-high-bca-35381.jpg?v=637066830049770000,2.9900,9.9900,137.0000,65.0000,0.7222,124.0000,Estoque Seguro,0.0000,1.0484,SAUDÁVEL,0.0000,0.0000,0.0000,0.0000,0.0000,90,7.2150,189.6923,0.0000,7.0000,0.0000,0.0000,0.0000,ESTOQUE POSITIVO,124.0000,Estoque Seguro,0.0000,0.0000,0.0000,REDE_NAO_SOMAR
2,Norte Shopping,Cachambi - RJ,7,CALÇA SLIM 500,Roupas,Calças,https://decathlonpro.vteximg.com.br/arquivos/ids/2435259-1000-1000/calcas-slim-para-ginastica-e-pilates-homem-500-com-fecho-preto-trousers-500-slim-zip-gym-3xl---w44-l341.jpg?v=637086545572330000,38.9900,129.9900,226.0000,92.0000,1.0222,263.0000,Estoque Seguro,0.0000,1.0000,SAUDÁVEL,0.0000,0.0000,0.0000,0.0000,0.0000,90,132.8787,221.0870,0.0000,91.0000,0.0000,0.0000,0.0000,ESTOQUE POSITIVO,263.0000,Estoque Seguro,0.0000,0.0000,0.0000,REDE_NAO_SOMAR
2,Norte Shopping,Cachambi - RJ,31,MALA ESPORTIVA 30L DOBRÁVEL TUBO PRETA,Acessórios,Bolsas,https://decathlonpro.vteximg.com.br/arquivos/ids/299416-1000-1000/fitness-bag-pocket-black-1.jpg?v=636552791841630000,14.9900,49.9900,88.0000,33.0000,0.3667,17.0000,Estoque Seguro,0.0000,1.0000,SAUDÁVEL,0.0000,0.0000,0.0000,0.0000,0.0000,90,18.3297,240.0000,0.0000,35.0000,0.0000,0.0000,0.0000,ESTOQUE POSITIVO,17.0000,Estoque Seguro,0.0000,0.0000,0.0000,REDE_NAO_SOMAR
4,Barra Shopping,Barra da Tijuca - RJ,26,MEIA DE CORRIDA COMFORT INVISIBLE KALENJI,Calçados,Meias,https://decathlonpro.vteximg.com.br/arquivos/ids/2119148-1000-1000/-comfort-invisible-bca-85-11-us9-1151.jpg?v=636689105257470000,2.9900,9.9900,105.0000,36.0000,0.4000,395.0000,Estoque Seguro,0.0000,1.1013,SAUDÁVEL,0.0000,0.0000,0.0000,0.0000,0.0000,90,3.9960,262.5000,0.0000,7.0000,0.0000,0.0000,0.0000,ESTOQUE POSITIVO,395.0000,Estoque Seguro,0.0000,0.0000,0.0000,REDE_NAO_SOMAR
4,Barra Shopping,Barra da Tijuca - RJ,4,BERMUDA FITNESS MASCULINA FTS500 PRETO/CINZA,Roupas,Bermudas,https://decathlonpro.vteximg.com.br/arquivos/ids/2368219-1000-1000/fst500-m-shorts-gry-s1.jpg?v=636972372737030000,26.9900,89.9900,96.0000,30.0000,0.3333,133.0000,Estoque Seguro,0.0000,1.0226,SAUDÁVEL,0.0000,0.0000,0.0000,0.0000,0.0000,90,29.9967,288.0000,0.0000,63.0000,0.0000,0.0000,0.0000,ESTOQUE POSITIVO,133.0000,Estoque Seguro,0.0000,0.0000,0.0000,REDE_NAO_SOMAR
